<Objs Version="1.1.0.1" xmlns="http://schemas.microsoft.com/powershell/2004/04">
  <Obj RefId="0">
    <TN RefId="0">
      <T>Microsoft.PowerShell.Commands.PSRepositoryItemInfo</T>
      <T>System.Management.Automation.PSCustomObject</T>
      <T>System.Object</T>
    </TN>
    <MS>
      <S N="Name">xSmbShare</S>
      <Version N="Version">2.1.0.0</Version>
      <S N="Type">Module</S>
      <S N="Description">Module with DSC Resources for SmbShare area</S>
      <S N="Author">Microsoft Corporation</S>
      <S N="CompanyName">PowerShellTeam</S>
      <S N="Copyright">(c) 2013 Microsoft Corporation. All rights reserved.</S>
      <DT N="PublishedDate">2018-05-02T23:53:34+03:00</DT>
      <Obj N="InstalledDate" RefId="1">
        <DT>2018-11-12T23:15:42.5052966+02:00</DT>
        <MS>
          <Obj N="DisplayHint" RefId="2">
            <TN RefId="1">
              <T>Microsoft.PowerShell.Commands.DisplayHintType</T>
              <T>System.Enum</T>
              <T>System.ValueType</T>
              <T>System.Object</T>
            </TN>
            <ToString>DateTime</ToString>
            <I32>2</I32>
          </Obj>
        </MS>
      </Obj>
      <Nil N="UpdatedDate" />
      <URI N="LicenseUri">https://github.com/PowerShell/xSmbShare/blob/master/LICENSE</URI>
      <URI N="ProjectUri">https://github.com/PowerShell/xSmbShare</URI>
      <Nil N="IconUri" />
      <Obj N="Tags" RefId="3">
        <TN RefId="2">
          <T>System.Object[]</T>
          <T>System.Array</T>
          <T>System.Object</T>
        </TN>
        <LST>
          <S>DesiredStateConfiguration</S>
          <S>DSC</S>
          <S>DSCResourceKit</S>
          <S>DSCResource</S>
          <S>PSModule</S>
        </LST>
      </Obj>
      <Obj N="Includes" RefId="4">
        <TN RefId="3">
          <T>System.Collections.Hashtable</T>
          <T>System.Object</T>
        </TN>
        <DCT>
          <En>
            <S N="Key">Cmdlet</S>
            <Obj N="Value" RefId="5">
              <TNRef RefId="2" />
              <LST />
            </Obj>
          </En>
          <En>
            <S N="Key">Workflow</S>
            <Ref N="Value" RefId="5" />
          </En>
          <En>
            <S N="Key">DscResource</S>
            <Obj N="Value" RefId="6">
              <TNRef RefId="2" />
              <LST>
                <S>xSmbShare</S>
              </LST>
            </Obj>
          </En>
          <En>
            <S N="Key">Function</S>
            <Ref N="Value" RefId="5" />
          </En>
          <En>
            <S N="Key">RoleCapability</S>
            <Ref N="Value" RefId="5" />
          </En>
          <En>
            <S N="Key">Command</S>
            <Ref N="Value" RefId="5" />
          </En>
        </DCT>
      </Obj>
      <Nil N="PowerShellGetFormatVersion" />
      <S N="ReleaseNotes">* Corrected typo on ShareState and ShareType descriptions (Specfies -&gt; Specifies)</S>
      <Obj N="Dependencies" RefId="7">
        <TNRef RefId="2" />
        <LST />
      </Obj>
      <S N="RepositorySourceLocation">https://www.powershellgallery.com/api/v2/</S>
      <S N="Repository">PSGallery</S>
      <S N="PackageManagementProvider">NuGet</S>
      <Obj N="AdditionalMetadata" RefId="8">
        <TN RefId="4">
          <T>System.Management.Automation.PSCustomObject</T>
          <T>System.Object</T>
        </TN>
        <MS>
          <S N="copyright">(c) 2013 Microsoft Corporation. All rights reserved.</S>
          <S N="description">Module with DSC Resources for SmbShare area</S>
          <S N="requireLicenseAcceptance">True</S>
          <S N="releaseNotes">* Corrected typo on ShareState and ShareType descriptions (Specfies -&gt; Specifies)</S>
          <S N="isLatestVersion">True</S>
          <S N="isAbsoluteLatestVersion">True</S>
          <S N="versionDownloadCount">16185</S>
          <S N="downloadCount">75252</S>
          <S N="packageSize">9510</S>
          <S N="published">02/05/2018 23:53:34 +03:00</S>
          <S N="created">02/05/2018 23:53:34 +03:00</S>
          <S N="lastUpdated">12/11/2018 21:05:44 +02:00</S>
          <S N="tags">DesiredStateConfiguration DSC DSCResourceKit DSCResource PSModule</S>
          <S N="developmentDependency">False</S>
          <S N="updated">2018-11-12T21:05:44Z</S>
          <S N="NormalizedVersion">2.1.0</S>
          <S N="Authors">Microsoft Corporation</S>
          <S N="IsPrerelease">false</S>
          <S N="ItemType">Module</S>
          <S N="FileList">xSMBShare.nuspec|LICENSE|README.md|xSmbShare.psd1|DscResources\MSFT_x005F_xSmbShare\MSFT_x005F_xSmbShare.psm1|DscResources\MSFT_x005F_xSmbShare\MSFT_x005F_xSmbShare.schema.mof</S>
          <S N="DscResources">xSmbShare</S>
          <S N="GUID">8831ca9a-3c47-4a5b-b401-29635dd24381</S>
          <S N="PowerShellVersion">4.0</S>
          <S N="CLRVersion">4.0</S>
          <S N="CompanyName">Microsoft Corporation</S>
        </MS>
      </Obj>
      <S N="InstalledLocation">C:\Program Files\PowerShell\Modules\xSmbShare\2.1.0.0</S>
    </MS>
  </Obj>
</Objs>
