<Objs Version="1.1.0.1" xmlns="http://schemas.microsoft.com/powershell/2004/04">
  <Obj RefId="0">
    <TN RefId="0">
      <T>Microsoft.PowerShell.Commands.PSRepositoryItemInfo</T>
      <T>System.Management.Automation.PSCustomObject</T>
      <T>System.Object</T>
    </TN>
    <MS>
      <S N="Name">NetworkingDsc</S>
      <Version N="Version">6.2.0.0</Version>
      <S N="Type">Module</S>
      <S N="Description">Module with DSC Resources for Networking area</S>
      <S N="Author">Microsoft Corporation</S>
      <S N="CompanyName">PowerShellTeam</S>
      <S N="Copyright">(c) 2018 Microsoft Corporation. All rights reserved.</S>
      <DT N="PublishedDate">2018-11-29T00:06:25+02:00</DT>
      <Obj N="InstalledDate" RefId="1">
        <DT>2018-12-13T23:12:28.9955602+02:00</DT>
        <MS>
          <Obj N="DisplayHint" RefId="2">
            <TN RefId="1">
              <T>Microsoft.PowerShell.Commands.DisplayHintType</T>
              <T>System.Enum</T>
              <T>System.ValueType</T>
              <T>System.Object</T>
            </TN>
            <ToString>DateTime</ToString>
            <I32>2</I32>
          </Obj>
        </MS>
      </Obj>
      <Nil N="UpdatedDate" />
      <URI N="LicenseUri">https://github.com/PowerShell/NetworkingDsc/blob/master/LICENSE</URI>
      <URI N="ProjectUri">https://github.com/PowerShell/NetworkingDsc</URI>
      <Nil N="IconUri" />
      <Obj N="Tags" RefId="3">
        <TN RefId="2">
          <T>System.Object[]</T>
          <T>System.Array</T>
          <T>System.Object</T>
        </TN>
        <LST>
          <S>DesiredStateConfiguration</S>
          <S>DSC</S>
          <S>DSCResourceKit</S>
          <S>DSCResource</S>
          <S>PSModule</S>
        </LST>
      </Obj>
      <Obj N="Includes" RefId="4">
        <TN RefId="3">
          <T>System.Collections.Hashtable</T>
          <T>System.Object</T>
        </TN>
        <DCT>
          <En>
            <S N="Key">Function</S>
            <Obj N="Value" RefId="5">
              <TNRef RefId="2" />
              <LST />
            </Obj>
          </En>
          <En>
            <S N="Key">RoleCapability</S>
            <Ref N="Value" RefId="5" />
          </En>
          <En>
            <S N="Key">DscResource</S>
            <Obj N="Value" RefId="6">
              <TNRef RefId="2" />
              <LST>
                <S>DefaultGatewayAddress</S>
                <S>DhcpClient</S>
                <S>DnsClientGlobalSetting</S>
                <S>DnsConnectionSuffix</S>
                <S>DnsServerAddress</S>
                <S>Firewall</S>
                <S>FirewallProfile</S>
                <S>HostsFile</S>
                <S>IPAddress</S>
                <S>IPAddressOption</S>
                <S>NetAdapterAdvancedProperty</S>
                <S>NetAdapterBinding</S>
                <S>NetAdapterLso</S>
                <S>NetAdapterName</S>
                <S>NetAdapterRdma</S>
                <S>NetAdapterRsc</S>
                <S>NetAdapterRss</S>
                <S>NetBios</S>
                <S>NetConnectionProfile</S>
                <S>NetIPInterface</S>
                <S>NetworkTeam</S>
                <S>NetworkTeamInterface</S>
                <S>ProxySettings</S>
                <S>Route</S>
                <S>WaitForNetworkTeam</S>
                <S>WeakHostReceive</S>
                <S>WeakHostSend</S>
                <S>WinsSetting</S>
              </LST>
            </Obj>
          </En>
          <En>
            <S N="Key">Command</S>
            <Ref N="Value" RefId="5" />
          </En>
          <En>
            <S N="Key">Workflow</S>
            <Ref N="Value" RefId="5" />
          </En>
          <En>
            <S N="Key">Cmdlet</S>
            <Ref N="Value" RefId="5" />
          </En>
        </DCT>
      </Obj>
      <Nil N="PowerShellGetFormatVersion" />
      <S N="ReleaseNotes">- Added .VSCode settings for applying DSC PSSA rules - fixes [Issue 357](https://github.com/PowerShell/NetworkingDsc/issues/357)._x000D__x000A_- Updated LICENSE file to match the Microsoft Open Source Team standard - fixes_x000D__x000A_  [Issue 363](https://github.com/PowerShell/NetworkingDsc/issues/363)_x000D__x000A_- MSFT_NetIPInterface:_x000D__x000A_  - Added a new resource for configuring the IP interface settings for a network_x000D__x000A_    interface.</S>
      <Obj N="Dependencies" RefId="7">
        <TNRef RefId="2" />
        <LST />
      </Obj>
      <S N="RepositorySourceLocation">https://www.powershellgallery.com/api/v2</S>
      <S N="Repository">PSGallery</S>
      <S N="PackageManagementProvider">NuGet</S>
      <Obj N="AdditionalMetadata" RefId="8">
        <TN RefId="4">
          <T>System.Management.Automation.PSCustomObject</T>
          <T>System.Object</T>
        </TN>
        <MS>
          <S N="copyright">(c) 2018 Microsoft Corporation. All rights reserved.</S>
          <S N="description">Module with DSC Resources for Networking area</S>
          <S N="requireLicenseAcceptance">False</S>
          <S N="releaseNotes">- Added .VSCode settings for applying DSC PSSA rules - fixes [Issue 357](https://github.com/PowerShell/NetworkingDsc/issues/357)._x000D__x000A_- Updated LICENSE file to match the Microsoft Open Source Team standard - fixes_x000D__x000A_  [Issue 363](https://github.com/PowerShell/NetworkingDsc/issues/363)_x000D__x000A_- MSFT_NetIPInterface:_x000D__x000A_  - Added a new resource for configuring the IP interface settings for a network_x000D__x000A_    interface.</S>
          <S N="isLatestVersion">True</S>
          <S N="isAbsoluteLatestVersion">True</S>
          <S N="versionDownloadCount">1845</S>
          <S N="downloadCount">61461</S>
          <S N="packageSize">132265</S>
          <S N="published">2018-11-29 00:06:25 +02:00</S>
          <S N="created">2018-11-29 00:06:25 +02:00</S>
          <S N="lastUpdated">2018-12-13 21:10:31 +02:00</S>
          <S N="tags">DesiredStateConfiguration DSC DSCResourceKit DSCResource PSModule PSDscResource_DefaultGatewayAddress PSDscResource_DhcpClient PSDscResource_DnsClientGlobalSetting PSDscResource_DnsConnectionSuffix PSDscResource_DnsServerAddress PSDscResource_Firewall PSDscResource_FirewallProfile PSDscResource_HostsFile PSDscResource_IPAddress PSDscResource_IPAddressOption PSDscResource_NetAdapterAdvancedProperty PSDscResource_NetAdapterBinding PSDscResource_NetAdapterLso PSDscResource_NetAdapterName PSDscResource_NetAdapterRdma PSDscResource_NetAdapterRsc PSDscResource_NetAdapterRss PSDscResource_NetBios PSDscResource_NetConnectionProfile PSDscResource_NetIPInterface PSDscResource_NetworkTeam PSDscResource_NetworkTeamInterface PSDscResource_ProxySettings PSDscResource_Route PSDscResource_WaitForNetworkTeam PSDscResource_WeakHostReceive PSDscResource_WeakHostSend PSDscResource_WinsSetting PSIncludes_DscResource</S>
          <S N="developmentDependency">False</S>
          <S N="updated">2018-12-13T21:10:31Z</S>
          <S N="NormalizedVersion">6.2.0</S>
          <S N="Authors">Microsoft Corporation</S>
          <S N="IsPrerelease">false</S>
          <S N="ItemType">Module</S>
          <S N="FileList">NetworkingDsc.nuspec|NetworkingDsc.psd1|DSCResources\MSFT_DefaultGatewayAddress\MSFT_DefaultGatewayAddress.psm1|DSCResources\MSFT_DefaultGatewayAddress\MSFT_DefaultGatewayAddress.schema.mof|DSCResources\MSFT_DefaultGatewayAddress\README.md|DSCResources\MSFT_DefaultGatewayAddress\en-US\MSFT_DefaultGatewayAddress.strings.psd1|DSCResources\MSFT_DhcpClient\MSFT_DhcpClient.psm1|DSCResources\MSFT_DhcpClient\MSFT_DhcpClient.schema.mof|DSCResources\MSFT_DhcpClient\README.md|DSCResources\MSFT_DhcpClient\en-US\MSFT_DhcpClient.strings.psd1|DSCResources\MSFT_DnsClientGlobalSetting\MSFT_DnsClientGlobalSetting.data.psd1|DSCResources\MSFT_DnsClientGlobalSetting\MSFT_DnsClientGlobalSetting.psm1|DSCResources\MSFT_DnsClientGlobalSetting\MSFT_DnsClientGlobalSetting.schema.mof|DSCResources\MSFT_DnsClientGlobalSetting\README.MD|DSCResources\MSFT_DnsClientGlobalSetting\en-US\MSFT_DnsClientGlobalSetting.strings.psd1|DSCResources\MSFT_DnsConnectionSuffix\MSFT_DnsConnectionSuffix.psm1|DSCResources\MSFT_DnsConnectionSuffix\MSFT_DnsConnectionSuffix.schema.mof|DSCResources\MSFT_DnsConnectionSuffix\README.MD|DSCResources\MSFT_DnsConnectionSuffix\en-US\MSFT_DnsConnectionSuffix.strings.psd1|DSCResources\MSFT_DnsServerAddress\MSFT_DnsServerAddress.psm1|DSCResources\MSFT_DnsServerAddress\MSFT_DnsServerAddress.schema.mof|DSCResources\MSFT_DnsServerAddress\README.MD|DSCResources\MSFT_DnsServerAddress\en-US\MSFT_DnsServerAddress.strings.psd1|DSCResources\MSFT_Firewall\MSFT_Firewall.data.psd1|DSCResources\MSFT_Firewall\MSFT_Firewall.psm1|DSCResources\MSFT_Firewall\MSFT_Firewall.schema.mof|DSCResources\MSFT_Firewall\README.MD|DSCResources\MSFT_Firewall\en-US\MSFT_Firewall.strings.psd1|DSCResources\MSFT_FirewallProfile\MSFT_FirewallProfile.data.psd1|DSCResources\MSFT_FirewallProfile\MSFT_FirewallProfile.psm1|DSCResources\MSFT_FirewallProfile\MSFT_FirewallProfile.schema.mof|DSCResources\MSFT_FirewallProfile\README.MD|DSCResources\MSFT_FirewallProfile\en-US\MSFT_FirewallProfile.strings.psd1|DSCResources\MSFT_HostsFile\MSFT_HostsFile.psm1|DSCResources\MSFT_HostsFile\MSFT_HostsFile.schema.mof|DSCResources\MSFT_HostsFile\README.MD|DSCResources\MSFT_HostsFile\en-US\MSFT_HostsFile.strings.psd1|DSCResources\MSFT_IPAddress\MSFT_IPAddress.psm1|DSCResources\MSFT_IPAddress\MSFT_IPAddress.schema.mof|DSCResources\MSFT_IPAddress\README.MD|DSCResources\MSFT_IPAddress\en-US\MSFT_IPAddress.strings.psd1|DSCResources\MSFT_IPAddressOption\MSFT_IPAddressOption.psm1|DSCResources\MSFT_IPAddressOption\MSFT_IPAddressOption.schema.mof|DSCResources\MSFT_IPAddressOption\README.MD|DSCResources\MSFT_IPAddressOption\en-US\MSFT_IPAddressOption.strings.psd1|DSCResources\MSFT_NetAdapterAdvancedProperty\MSFT_NetAdapterAdvancedProperty.psm1|DSCResources\MSFT_NetAdapterAdvancedProperty\MSFT_NetAdapterAdvancedProperty.schema.mof|DSCResources\MSFT_NetAdapterAdvancedProperty\README.MD|DSCResources\MSFT_NetAdapterAdvancedProperty\en-US\MSFT_NetAdapterAdvancedProperty.strings.psd1|DSCResources\MSFT_NetAdapterBinding\MSFT_NetAdapterBinding.psm1|DSCResources\MSFT_NetAdapterBinding\MSFT_NetAdapterBinding.schema.mof|DSCResources\MSFT_NetAdapterBinding\README.MD|DSCResources\MSFT_NetAdapterBinding\en-US\MSFT_NetAdapterBinding.strings.psd1|DSCResources\MSFT_NetAdapterLso\MSFT_NetAdapterLso.psm1|DSCResources\MSFT_NetAdapterLso\MSFT_NetAdapterLso.schema.mof|DSCResources\MSFT_NetAdapterLso\README.MD|DSCResources\MSFT_NetAdapterLso\en-US\MSFT_NetAdapterLso.strings.psd1|DSCResources\MSFT_NetAdapterName\MSFT_NetAdapterName.psm1|DSCResources\MSFT_NetAdapterName\MSFT_NetAdapterName.schema.mof|DSCResources\MSFT_NetAdapterName\README.MD|DSCResources\MSFT_NetAdapterName\en-us\MSFT_NetAdapterName.strings.psd1|DSCResources\MSFT_NetAdapterRdma\MSFT_NetAdapterRdma.psm1|DSCResources\MSFT_NetAdapterRdma\MSFT_NetAdapterRdma.schema.mof|DSCResources\MSFT_NetAdapterRdma\README.MD|DSCResources\MSFT_NetAdapterRdma\en-US\MSFT_NetAdapterRdma.strings.psd1|DSCResources\MSFT_NetAdapterRsc\MSFT_NetAdapterRsc.psm1|DSCResources\MSFT_NetAdapterRsc\MSFT_NetAdapterRSC.schema.mof|DSCResources\MSFT_NetAdapterRsc\README.MD|DSCResources\MSFT_NetAdapterRsc\en-US\MSFT_NetAdapterRsc.strings.psd1|DSCResources\MSFT_NetAdapterRss\MSFT_NetAdapterRss.psm1|DSCResources\MSFT_NetAdapterRss\MSFT_NetAdapterRss.schema.mof|DSCResources\MSFT_NetAdapterRss\README.MD|DSCResources\MSFT_NetAdapterRss\en-US\MSFT_NetAdapterRss.strings.psd1|DSCResources\MSFT_NetBios\MSFT_NetBios.psm1|DSCResources\MSFT_NetBios\MSFT_NetBios.schema.mof|DSCResources\MSFT_NetBios\README.MD|DSCResources\MSFT_NetBios\en-US\MSFT_NetBios.strings.psd1|DSCResources\MSFT_NetConnectionProfile\MSFT_NetConnectionProfile.psm1|DSCResources\MSFT_NetConnectionProfile\MSFT_NetConnectionProfile.schema.mof|DSCResources\MSFT_NetConnectionProfile\README.MD|DSCResources\MSFT_NetConnectionProfile\en-US\MSFT_NetConnectionProfile.strings.psd1|DSCResources\MSFT_NetIPInterface\MSFT_NetIPInterface.data.psd1|DSCResources\MSFT_NetIPInterface\MSFT_NetIPInterface.psm1|DSCResources\MSFT_NetIPInterface\MSFT_NetIPInterface.schema.mof|DSCResources\MSFT_NetIPInterface\README.MD|DSCResources\MSFT_NetIPInterface\en-US\MSFT_NetIPInterface.strings.psd1|DSCResources\MSFT_NetworkTeam\MSFT_NetworkTeam.psm1|DSCResources\MSFT_NetworkTeam\MSFT_NetworkTeam.schema.mof|DSCResources\MSFT_NetworkTeam\README.MD|DSCResources\MSFT_NetworkTeam\en-US\MSFT_NetworkTeam.strings.psd1|DSCResources\MSFT_NetworkTeamInterface\MSFT_NetworkTeamInterface.psm1|DSCResources\MSFT_NetworkTeamInterface\MSFT_NetworkTeamInterface.schema.mof|DSCResources\MSFT_NetworkTeamInterface\README.MD|DSCResources\MSFT_NetworkTeamInterface\en-US\MSFT_NetworkTeamInterface.strings.psd1|DSCResources\MSFT_ProxySettings\MSFT_ProxySettings.psm1|DSCResources\MSFT_ProxySettings\MSFT_ProxySettings.schema.mof|DSCResources\MSFT_ProxySettings\README.md|DSCResources\MSFT_ProxySettings\en-US\MSFT_ProxySettings.strings.psd1|DSCResources\MSFT_Route\MSFT_Route.psm1|DSCResources\MSFT_Route\MSFT_Route.schema.mof|DSCResources\MSFT_Route\README.MD|DSCResources\MSFT_Route\en-US\MSFT_Route.strings.psd1|DSCResources\MSFT_WaitForNetworkTeam\MSFT_WaitForNetworkTeam.psm1|DSCResources\MSFT_WaitForNetworkTeam\MSFT_WaitForNetworkTeam.schema.mof|DSCResources\MSFT_WaitForNetworkTeam\README.md|DSCResources\MSFT_WaitForNetworkTeam\en-us\MSFT_WaitForNetworkTeam.strings.psd1|DSCResources\MSFT_WeakHostReceive\MSFT_WeakHostReceive.psm1|DSCResources\MSFT_WeakHostReceive\MSFT_WeakHostReceive.schema.mof|DSCResources\MSFT_WeakHostReceive\README.MD|DSCResources\MSFT_WeakHostReceive\en-US\MSFT_WeakHostReceive.strings.psd1|DSCResources\MSFT_WeakHostSend\MSFT_WeakHostSend.psm1|DSCResources\MSFT_WeakHostSend\MSFT_WeakHostSend.schema.mof|DSCResources\MSFT_WeakHostSend\README.MD|DSCResources\MSFT_WeakHostSend\en-US\MSFT_WeakHostSend.strings.psd1|DSCResources\MSFT_WinsSetting\MSFT_WinsSetting.psm1|DSCResources\MSFT_WinsSetting\MSFT_WinsSetting.schema.mof|DSCResources\MSFT_WinsSetting\README.MD|DSCResources\MSFT_WinsSetting\en-US\MSFT_WinsSetting.strings.psd1|Examples\Resources\DefaultGatewayAddress\1-RemoveDefaultGateway.ps1|Examples\Resources\DefaultGatewayAddress\2-SetDefaultGateway.ps1|Examples\Resources\DhcpClient\1-DhcpClient_EnableDHCP.ps1|Examples\Resources\DnsClientGlobalSetting\1-ConfigureSuffixSearchList.ps1|Examples\Resources\DnsClientGlobalSetting\2-ConfigureSuffixSearchList.ps1|Examples\Resources\DnsConnectionSuffix\1-AddSpecificSuffix.ps1|Examples\Resources\DnsServerAddress\1-DnsServerAddress.ps1|Examples\Resources\DnsServerAddress\2-DnsServerAddress_PrimaryAndSecondary.ps1|Examples\Resources\DnsServerAddress\3-DnsServerAddress_EnableDHCP.ps1|Examples\Resources\Firewall\1-Firewall_AddFirewallRule.ps1|Examples\Resources\Firewall\2-Firewall_AddFirewallRule_AllParameters.ps1|Examples\Resources\Firewall\3-Firewall_AddFirewallRuleToExistingGroup.ps1|Examples\Resources\Firewall\4-Firewall_EnableBuiltInFirewallRule.ps1|Examples\Resources\FirewallProfile\1-ConfigurePrivateFirewallProfile.ps1|Examples\Resources\HostsFile\1-AddEntry.ps1|Examples\Resources\HostsFile\2-RemoveEntry.ps1|Examples\Resources\IPAddress\1-AddingStaticIP.ps1|Examples\Resources\IPAddress\2-AddingMultipleStaticIP.ps1|Examples\Resources\IPAddress\3-AddingStaticIPWithPrefix.ps1|Examples\Resources\IPAddressOption\1-SetSkipAsSource.ps1|Examples\Resources\NetAdapterAdvancedProperty\1-JumboPacket.ps1|Examples\Resources\NetAdapterBinding\1-DisableIPv6.ps1|Examples\Resources\NetAdapterLso\1-DisableLsoIPv6.ps1|Examples\Resources\NetAdapterLso\2-DisableLsoIPv4.ps1|Examples\Resources\NetAdapterName\1-RenameNetAdapterMacAddress.ps1|Examples\Resources\NetAdapterName\2-RenameNetAdapterDriver.ps1|Examples\Resources\NetAdapterRdma\1-DisableRdmaSettings.ps1|Examples\Resources\NetAdapterRdma\2-EnableRdmaSettings.ps1|Examples\Resources\NetAdapterRsc\1-DisableRscIPv6.ps1|Examples\Resources\NetAdapterRsc\2-DisableRscIPv4.ps1|Examples\Resources\NetAdapterRsc\3-DisableRscAll.ps1|Examples\Resources\NetAdapterRss\1-EnableRss.ps1|Examples\Resources\NetBios\1-DisableNetBios.ps1|Examples\Resources\NetConnectionProfile\1-SetNetConnectionProfile.ps1|Examples\Resources\NetConnectionProfile\2-SetNetConnectionProfileNetworkCategory.ps1|Examples\Resources\NetIPInterface\1-ConfigureNetIPInterface.ps1|Examples\Resources\NetworkTeam\1-AddNetworkTeam.ps1|Examples\Resources\NetworkTeam\2-RemoveTeam.ps1|Examples\Resources\NetworkTeamInterface\1-AddInterface.ps1|Examples\Resources\NetworkTeamInterface\2-RemoveInterface.ps1|Examples\Resources\ProxySettings\1-AutoDetectProxy.ps1|Examples\Resources\ProxySettings\2-AutoConfigurationProxy.ps1|Examples\Resources\ProxySettings\3-ManualProxy.ps1|Examples\Resources\Route\1-AddRoute.ps1|Examples\Resources\WaitForNetworkTeam\1-AddNetworkTeam.ps1|Examples\Resources\WeakHostReceive\1-ConfigureWeakHostReceive.ps1|Examples\Resources\WeakHostSend\1-ConfigureWeakHostSend.ps1|Examples\Resources\WinsSetting\1-ConfigureWinsSetting.ps1|Modules\NetworkingDsc.Common\NetworkingDsc.Common.psm1|Modules\NetworkingDsc.Common\en-us\NetworkingDsc.Common.strings.psd1|Modules\NetworkingDsc.ResourceHelper\NetworkingDsc.ResourceHelper.psm1</S>
          <S N="GUID">e6647cc3-ce9c-4c86-9eb8-2ee8919bf358</S>
          <S N="PowerShellVersion">4.0</S>
          <S N="CLRVersion">4.0</S>
          <S N="CompanyName">Microsoft Corporation</S>
        </MS>
      </Obj>
      <S N="InstalledLocation">C:\Program Files\PowerShell\Modules\NetworkingDsc\6.2.0.0</S>
    </MS>
  </Obj>
</Objs>
