<Objs Version="1.1.0.1" xmlns="http://schemas.microsoft.com/powershell/2004/04">
  <Obj RefId="0">
    <TN RefId="0">
      <T>Microsoft.PowerShell.Commands.PSRepositoryItemInfo</T>
      <T>System.Management.Automation.PSCustomObject</T>
      <T>System.Object</T>
    </TN>
    <MS>
      <S N="Name">SqlServerDsc</S>
      <Version N="Version">12.1.0.0</Version>
      <S N="Type">Module</S>
      <S N="Description">Module with DSC Resources for deployment and configuration of Microsoft SQL Server.</S>
      <S N="Author">Microsoft Corporation</S>
      <S N="CompanyName">PowerShellTeam</S>
      <S N="Copyright">(c) 2018 Microsoft Corporation. All rights reserved.</S>
      <DT N="PublishedDate">2018-10-25T17:24:30+03:00</DT>
      <Obj N="InstalledDate" RefId="1">
        <DT>2018-11-12T21:16:12.6639572+02:00</DT>
        <MS>
          <Obj N="DisplayHint" RefId="2">
            <TN RefId="1">
              <T>Microsoft.PowerShell.Commands.DisplayHintType</T>
              <T>System.Enum</T>
              <T>System.ValueType</T>
              <T>System.Object</T>
            </TN>
            <ToString>DateTime</ToString>
            <I32>2</I32>
          </Obj>
        </MS>
      </Obj>
      <Nil N="UpdatedDate" />
      <URI N="LicenseUri">https://github.com/PowerShell/SqlServerDsc/blob/master/LICENSE</URI>
      <URI N="ProjectUri">https://github.com/PowerShell/SqlServerDsc</URI>
      <Nil N="IconUri" />
      <Obj N="Tags" RefId="3">
        <TN RefId="2">
          <T>System.Object[]</T>
          <T>System.Array</T>
          <T>System.Object</T>
        </TN>
        <LST>
          <S>DesiredStateConfiguration</S>
          <S>DSC</S>
          <S>DSCResourceKit</S>
          <S>DSCResource</S>
          <S>PSModule</S>
        </LST>
      </Obj>
      <Obj N="Includes" RefId="4">
        <TN RefId="3">
          <T>System.Collections.Hashtable</T>
          <T>System.Object</T>
        </TN>
        <DCT>
          <En>
            <S N="Key">Cmdlet</S>
            <Obj N="Value" RefId="5">
              <TNRef RefId="2" />
              <LST />
            </Obj>
          </En>
          <En>
            <S N="Key">Workflow</S>
            <Ref N="Value" RefId="5" />
          </En>
          <En>
            <S N="Key">DscResource</S>
            <Obj N="Value" RefId="6">
              <TNRef RefId="2" />
              <LST>
                <S>SqlAG</S>
                <S>SqlAGDatabase</S>
                <S>SqlAGListener</S>
                <S>SqlAGReplica</S>
                <S>SqlAlias</S>
                <S>SqlAlwaysOnService</S>
                <S>SqlDatabase</S>
                <S>SqlDatabaseDefaultLocation</S>
                <S>SqlDatabaseOwner</S>
                <S>SqlDatabasePermission</S>
                <S>SqlDatabaseRecoveryModel</S>
                <S>SqlDatabaseRole</S>
                <S>SqlRS</S>
                <S>SqlScript</S>
                <S>SqlScriptQuery</S>
                <S>SqlServerConfiguration</S>
                <S>SqlServerDatabaseMail</S>
                <S>SqlServerEndpoint</S>
                <S>SqlServerEndpointPermission</S>
                <S>SqlServerEndpointState</S>
                <S>SqlServerLogin</S>
                <S>SqlServerMaxDop</S>
                <S>SqlServerMemory</S>
                <S>SqlServerNetwork</S>
                <S>SqlServerPermission</S>
                <S>SqlServerReplication</S>
                <S>SqlServerRole</S>
                <S>SqlServerSecureConnection</S>
                <S>SqlServiceAccount</S>
                <S>SqlSetup</S>
                <S>SqlWaitForAG</S>
                <S>SqlWindowsFirewall</S>
              </LST>
            </Obj>
          </En>
          <En>
            <S N="Key">Function</S>
            <Ref N="Value" RefId="5" />
          </En>
          <En>
            <S N="Key">RoleCapability</S>
            <Ref N="Value" RefId="5" />
          </En>
          <En>
            <S N="Key">Command</S>
            <Ref N="Value" RefId="5" />
          </En>
        </DCT>
      </Obj>
      <Nil N="PowerShellGetFormatVersion" />
      <S N="ReleaseNotes">- Changes to SqlServerDsc_x000D__x000A_  - Add support for validating the code with the DSC ResourceKit_x000D__x000A_    Script Analyzer rules, both in Visual Studio Code and directly using_x000D__x000A_    `Invoke-ScriptAnalyzer`._x000D__x000A_  - Opt-in for common test "Common Tests - Validate Markdown Links"._x000D__x000A_  - Updated broken links in `\README.md` and in `\Examples\README.md`_x000D__x000A_  - Opt-in for common test "Common Tests - Relative Path Length"._x000D__x000A_  - Updated the Installation section in the README.md._x000D__x000A_  - Updated the Contributing section in the README.md after_x000D__x000A_    [Style Guideline and Best Practices guidelines](https://github.com/PowerShell/DscResources/blob/master/StyleGuidelines.md)_x000D__x000A_    has merged into one document._x000D__x000A_  - To speed up testing in AppVeyor, unit tests are now run in two containers._x000D__x000A_  - Adding the PowerShell script `Assert-TestEnvironment.ps1` which_x000D__x000A_    must be run prior to running any unit tests locally with_x000D__x000A_    `Invoke-Pester`._x000D__x000A_    Read more in the specific contributing guidelines, under the section_x000D__x000A_    [Unit Tests](https://github.com/PowerShell/SqlServerDsc/blob/dev/CONTRIBUTING.mdunit-tests)._x000D__x000A_- Changes to SqlServerDscHelper_x000D__x000A_  - Fix style guideline lint errors._x000D__x000A_  - Changes to Connect-SQL_x000D__x000A_    - Adding verbose message in Connect-SQL so it_x000D__x000A_      now shows the username that is connecting._x000D__x000A_  - Changes to Import-SQLPS_x000D__x000A_    - Fixed so that when importing SQLPS it imports_x000D__x000A_      using the path (and not the .psd1 file)._x000D__x000A_    - Fixed so that the verbose message correctly_x000D__x000A_      shows the name, version and path when importing_x000D__x000A_      the module SQLPS (it did show correctly for the_x000D__x000A_      SqlServer module)._x000D__x000A_- Changes to SqlAg, SqlAGDatabase, and SqlAGReplica examples_x000D__x000A_  - Included configuration for SqlAlwaysOnService to enable_x000D__x000A_    HADR on each node to avoid confusion_x000D__x000A_    ([issue 1182](https://github.com/PowerShell/SqlServerDsc/issues/1182))._x000D__x000A_- Changes to SqlServerDatabaseMail_x000D__x000A_  - Minor update to Ensure parameter description in the README.md._x000D__x000A_- Changes to Write-ModuleStubFile.ps1_x000D__x000A_  - Create aliases for cmdlets in the stubbed module which have aliases_x000D__x000A_    ([issue 1224](https://github.com/PowerShell/SqlServerDsc/issues/1224))._x000D__x000A_    [Dan Reist (@randomnote1)](https://github.com/randomnote1)_x000D__x000A_  - Use a string builder to build the function stubs._x000D__x000A_  - Fixed formatting issues for the function to work with modules other_x000D__x000A_    than SqlServer._x000D__x000A_- New DSC resource SqlServerSecureConnection_x000D__x000A_  - New resource to configure a SQL Server instance for encrypted SQL_x000D__x000A_    connections._x000D__x000A_- Changes to SqlAlwaysOnService_x000D__x000A_  - Updated integration tests to use NetworkingDsc_x000D__x000A_    ([issue 1129](https://github.com/PowerShell/SqlServerDsc/issues/1129))._x000D__x000A_- Changes to SqlServiceAccount_x000D__x000A_  - Fix unit tests that didn"t mock some of the calls. It no longer fail_x000D__x000A_    when a SQL Server installation is not present on the node running the_x000D__x000A_    unit test ([issue 983](https://github.com/PowerShell/SqlServerDsc/issues/983)).</S>
      <Obj N="Dependencies" RefId="7">
        <TNRef RefId="2" />
        <LST />
      </Obj>
      <S N="RepositorySourceLocation">https://www.powershellgallery.com/api/v2/</S>
      <S N="Repository">PSGallery</S>
      <S N="PackageManagementProvider">NuGet</S>
      <Obj N="AdditionalMetadata" RefId="8">
        <TN RefId="4">
          <T>System.Management.Automation.PSCustomObject</T>
          <T>System.Object</T>
        </TN>
        <MS>
          <S N="copyright">(c) 2018 Microsoft Corporation. All rights reserved.</S>
          <S N="description">Module with DSC Resources for deployment and configuration of Microsoft SQL Server.</S>
          <S N="requireLicenseAcceptance">False</S>
          <S N="releaseNotes">- Changes to SqlServerDsc_x000D__x000A_  - Add support for validating the code with the DSC ResourceKit_x000D__x000A_    Script Analyzer rules, both in Visual Studio Code and directly using_x000D__x000A_    `Invoke-ScriptAnalyzer`._x000D__x000A_  - Opt-in for common test "Common Tests - Validate Markdown Links"._x000D__x000A_  - Updated broken links in `\README.md` and in `\Examples\README.md`_x000D__x000A_  - Opt-in for common test "Common Tests - Relative Path Length"._x000D__x000A_  - Updated the Installation section in the README.md._x000D__x000A_  - Updated the Contributing section in the README.md after_x000D__x000A_    [Style Guideline and Best Practices guidelines](https://github.com/PowerShell/DscResources/blob/master/StyleGuidelines.md)_x000D__x000A_    has merged into one document._x000D__x000A_  - To speed up testing in AppVeyor, unit tests are now run in two containers._x000D__x000A_  - Adding the PowerShell script `Assert-TestEnvironment.ps1` which_x000D__x000A_    must be run prior to running any unit tests locally with_x000D__x000A_    `Invoke-Pester`._x000D__x000A_    Read more in the specific contributing guidelines, under the section_x000D__x000A_    [Unit Tests](https://github.com/PowerShell/SqlServerDsc/blob/dev/CONTRIBUTING.mdunit-tests)._x000D__x000A_- Changes to SqlServerDscHelper_x000D__x000A_  - Fix style guideline lint errors._x000D__x000A_  - Changes to Connect-SQL_x000D__x000A_    - Adding verbose message in Connect-SQL so it_x000D__x000A_      now shows the username that is connecting._x000D__x000A_  - Changes to Import-SQLPS_x000D__x000A_    - Fixed so that when importing SQLPS it imports_x000D__x000A_      using the path (and not the .psd1 file)._x000D__x000A_    - Fixed so that the verbose message correctly_x000D__x000A_      shows the name, version and path when importing_x000D__x000A_      the module SQLPS (it did show correctly for the_x000D__x000A_      SqlServer module)._x000D__x000A_- Changes to SqlAg, SqlAGDatabase, and SqlAGReplica examples_x000D__x000A_  - Included configuration for SqlAlwaysOnService to enable_x000D__x000A_    HADR on each node to avoid confusion_x000D__x000A_    ([issue 1182](https://github.com/PowerShell/SqlServerDsc/issues/1182))._x000D__x000A_- Changes to SqlServerDatabaseMail_x000D__x000A_  - Minor update to Ensure parameter description in the README.md._x000D__x000A_- Changes to Write-ModuleStubFile.ps1_x000D__x000A_  - Create aliases for cmdlets in the stubbed module which have aliases_x000D__x000A_    ([issue 1224](https://github.com/PowerShell/SqlServerDsc/issues/1224))._x000D__x000A_    [Dan Reist (@randomnote1)](https://github.com/randomnote1)_x000D__x000A_  - Use a string builder to build the function stubs._x000D__x000A_  - Fixed formatting issues for the function to work with modules other_x000D__x000A_    than SqlServer._x000D__x000A_- New DSC resource SqlServerSecureConnection_x000D__x000A_  - New resource to configure a SQL Server instance for encrypted SQL_x000D__x000A_    connections._x000D__x000A_- Changes to SqlAlwaysOnService_x000D__x000A_  - Updated integration tests to use NetworkingDsc_x000D__x000A_    ([issue 1129](https://github.com/PowerShell/SqlServerDsc/issues/1129))._x000D__x000A_- Changes to SqlServiceAccount_x000D__x000A_  - Fix unit tests that didn"t mock some of the calls. It no longer fail_x000D__x000A_    when a SQL Server installation is not present on the node running the_x000D__x000A_    unit test ([issue 983](https://github.com/PowerShell/SqlServerDsc/issues/983)).</S>
          <S N="isLatestVersion">True</S>
          <S N="isAbsoluteLatestVersion">True</S>
          <S N="versionDownloadCount">2749</S>
          <S N="downloadCount">46189</S>
          <S N="packageSize">3859912</S>
          <S N="published">25/10/2018 17:24:30 +03:00</S>
          <S N="created">25/10/2018 17:24:30 +03:00</S>
          <S N="lastUpdated">12/11/2018 19:05:41 +02:00</S>
          <S N="tags">DesiredStateConfiguration DSC DSCResourceKit DSCResource PSModule</S>
          <S N="developmentDependency">False</S>
          <S N="updated">2018-11-12T19:05:41Z</S>
          <S N="NormalizedVersion">12.1.0</S>
          <S N="Authors">Microsoft Corporation</S>
          <S N="IsPrerelease">false</S>
          <S N="ItemType">Module</S>
          <S N="FileList">SqlServerDsc.nuspec|.codecov.yml|.markdownlint.json|.MetaTestOptIn.json|Assert-TestEnvironment.ps1|CHANGELOG.md|CODE_OF_CONDUCT.md|CONTRIBUTING.md|LICENSE|README.md|SqlServerDsc.psd1|SqlServerDscHelper.psm1|.git\config|.git\description|.git\HEAD|.git\index|.git\packed-refs|.git\hooks\applypatch-msg.sample|.git\hooks\commit-msg.sample|.git\hooks\post-update.sample|.git\hooks\pre-applypatch.sample|.git\hooks\pre-commit.sample|.git\hooks\pre-push.sample|.git\hooks\pre-rebase.sample|.git\hooks\pre-receive.sample|.git\hooks\prepare-commit-msg.sample|.git\hooks\update.sample|.git\info\exclude|.git\logs\HEAD|.git\logs\refs\heads\dev|.git\logs\refs\heads\master|.git\logs\refs\remotes\origin\HEAD|.git\objects\pack\pack-5727a38e6da03ba6715d637fffc190bd7e85e69c.idx|.git\objects\pack\pack-5727a38e6da03ba6715d637fffc190bd7e85e69c.pack|.git\refs\heads\dev|.git\refs\heads\master|.git\refs\remotes\origin\HEAD|.github\CONTRIBUTING.md|.github\PULL_REQUEST_TEMPLATE.md|.github\stale.yml|.github\ISSUE_TEMPLATE\General.md|.github\ISSUE_TEMPLATE\Problem_with_resource.md|.github\ISSUE_TEMPLATE\Resource_proposal.md|.vscode\analyzersettings.psd1|.vscode\settings.json|DSCResources\CommonResourceHelper.psm1|DSCResources\MSFT_SqlAG\MSFT_SqlAG.psm1|DSCResources\MSFT_SqlAG\MSFT_SqlAG.schema.mof|DSCResources\MSFT_SqlAGDatabase\MSFT_SqlAGDatabase.psm1|DSCResources\MSFT_SqlAGDatabase\MSFT_SqlAGDatabase.schema.mof|DSCResources\MSFT_SqlAGDatabase\en-US\about_SqlAGDatabase.help.txt|DSCResources\MSFT_SqlAGDatabase\en-US\MSFT_SqlAGDatabase.strings.psd1|DSCResources\MSFT_SqlAGListener\MSFT_SqlAGListener.psm1|DSCResources\MSFT_SqlAGListener\MSFT_SqlAGListener.schema.mof|DSCResources\MSFT_SqlAGReplica\MSFT_SqlAGReplica.psm1|DSCResources\MSFT_SqlAGReplica\MSFT_SqlAGReplica.schema.mof|DSCResources\MSFT_SqlAlias\MSFT_SqlAlias.psm1|DSCResources\MSFT_SqlAlias\MSFT_SqlAlias.schema.mof|DSCResources\MSFT_SqlAlwaysOnService\MSFT_SqlAlwaysOnService.psm1|DSCResources\MSFT_SqlAlwaysOnService\MSFT_SqlAlwaysOnService.schema.mof|DSCResources\MSFT_SqlDatabase\MSFT_SqlDatabase.psm1|DSCResources\MSFT_SqlDatabase\MSFT_SqlDatabase.schema.mof|DSCResources\MSFT_SqlDatabaseDefaultLocation\MSFT_SqlDatabaseDefaultLocation.psm1|DSCResources\MSFT_SqlDatabaseDefaultLocation\MSFT_SqlDatabaseDefaultLocation.schema.mof|DSCResources\MSFT_SqlDatabaseDefaultLocation\en-US\MSFT_SqlDatabaseDefaultLocation.strings.psd1|DSCResources\MSFT_SqlDatabaseOwner\MSFT_SqlDatabaseOwner.psm1|DSCResources\MSFT_SqlDatabaseOwner\MSFT_SqlDatabaseOwner.schema.mof|DSCResources\MSFT_SqlDatabasePermission\MSFT_SqlDatabasePermission.psm1|DSCResources\MSFT_SqlDatabasePermission\MSFT_SqlDatabasePermission.schema.mof|DSCResources\MSFT_SqlDatabaseRecoveryModel\MSFT_SqlDatabaseRecoveryModel.psm1|DSCResources\MSFT_SqlDatabaseRecoveryModel\MSFT_SqlDatabaseRecoveryModel.schema.mof|DSCResources\MSFT_SqlDatabaseRole\MSFT_SqlDatabaseRole.psm1|DSCResources\MSFT_SqlDatabaseRole\MSFT_SqlDatabaseRole.schema.mof|DSCResources\MSFT_SqlRS\MSFT_SqlRS.psm1|DSCResources\MSFT_SqlRS\MSFT_SqlRS.schema.mof|DSCResources\MSFT_SqlScript\MSFT_SqlScript.psm1|DSCResources\MSFT_SqlScript\MSFT_SqlScript.schema.mof|DSCResources\MSFT_SqlScriptQuery\MSFT_SqlScriptQuery.psm1|DSCResources\MSFT_SqlScriptQuery\MSFT_SqlScriptQuery.schema.mof|DSCResources\MSFT_SqlServerConfiguration\MSFT_SqlServerConfiguration.psm1|DSCResources\MSFT_SqlServerConfiguration\MSFT_SqlServerConfiguration.schema.mof|DSCResources\MSFT_SqlServerConfiguration\en-US\MSFT_SqlServerConfiguration.strings.psd1|DSCResources\MSFT_SqlServerDatabaseMail\MSFT_SqlServerDatabaseMail.psm1|DSCResources\MSFT_SqlServerDatabaseMail\MSFT_SqlServerDatabaseMail.schema.mof|DSCResources\MSFT_SqlServerDatabaseMail\en-US\MSFT_SqlServerDatabaseMail.strings.psd1|DSCResources\MSFT_SqlServerEndpoint\MSFT_SqlServerEndpoint.psm1|DSCResources\MSFT_SqlServerEndpoint\MSFT_SqlServerEndpoint.schema.mof|DSCResources\MSFT_SqlServerEndpointPermission\MSFT_SqlServerEndpointPermission.psm1|DSCResources\MSFT_SqlServerEndpointPermission\MSFT_SqlServerEndpointPermission.schema.mof|DSCResources\MSFT_SqlServerEndpointState\MSFT_SqlServerEndpointState.psm1|DSCResources\MSFT_SqlServerEndpointState\MSFT_SqlServerEndpointState.schema.mof|DSCResources\MSFT_SqlServerLogin\MSFT_SqlServerLogin.psm1|DSCResources\MSFT_SqlServerLogin\MSFT_SqlServerLogin.schema.mof|DSCResources\MSFT_SqlServerMaxDop\MSFT_SqlServerMaxDop.psm1|DSCResources\MSFT_SqlServerMaxDop\MSFT_SqlServerMaxDop.schema.mof|DSCResources\MSFT_SqlServerMemory\MSFT_SqlServerMemory.psm1|DSCResources\MSFT_SqlServerMemory\MSFT_SqlServerMemory.schema.mof|DSCResources\MSFT_SqlServerNetwork\MSFT_SqlServerNetwork.psm1|DSCResources\MSFT_SqlServerNetwork\MSFT_SqlServerNetwork.schema.mof|DSCResources\MSFT_SqlServerNetwork\en-US\MSFT_SqlServerNetwork.strings.psd1|DSCResources\MSFT_SqlServerPermission\MSFT_SqlServerPermission.psm1|DSCResources\MSFT_SqlServerPermission\MSFT_SqlServerPermission.schema.mof|DSCResources\MSFT_SqlServerReplication\MSFT_SqlServerReplication.psm1|DSCResources\MSFT_SqlServerReplication\MSFT_SqlServerReplication.schema.mof|DSCResources\MSFT_SqlServerRole\MSFT_SqlServerRole.psm1|DSCResources\MSFT_SqlServerRole\MSFT_SqlServerRole.schema.mof|DSCResources\MSFT_SqlServerRole\en-US\MSFT_SqlServerRole.strings.psd1|DSCResources\MSFT_SqlServerSecureConnection\MSFT_SqlServerSecureConnection.psm1|DSCResources\MSFT_SqlServerSecureConnection\MSFT_SqlServerSecureConnection.schema.mof|DSCResources\MSFT_SqlServerSecureConnection\en-US\MSFT_SqlServerSecureConnection.strings.psd1|DSCResources\MSFT_SqlServiceAccount\MSFT_SqlServiceAccount.psm1|DSCResources\MSFT_SqlServiceAccount\MSFT_SqlServiceAccount.schema.mof|DSCResources\MSFT_SqlServiceAccount\en-US\MSFT_SqlServiceAccount.strings.psd1|DSCResources\MSFT_SqlSetup\MSFT_SqlSetup.psm1|DSCResources\MSFT_SqlSetup\MSFT_SqlSetup.schema.mof|DSCResources\MSFT_SqlSetup\en-US\MSFT_SqlSetup.strings.psd1|DSCResources\MSFT_SqlSetup\sv-SE\MSFT_SqlSetup.strings.psd1|DSCResources\MSFT_SqlWaitForAG\MSFT_SqlWaitForAG.psm1|DSCResources\MSFT_SqlWaitForAG\MSFT_SqlWaitForAG.schema.mof|DSCResources\MSFT_SqlWindowsFirewall\MSFT_SqlWindowsFirewall.psm1|DSCResources\MSFT_SqlWindowsFirewall\MSFT_SqlWindowsFirewall.schema.mof|en-US\SqlServerDscHelper.strings.psd1|Examples\README.md|Examples\Resources\SqlAG\1-CreateAvailabilityGroup.ps1|Examples\Resources\SqlAG\2-RemoveAvailabilityGroup.ps1|Examples\Resources\SqlAG\3-CreateAvailabilityGroupDetailed.ps1|Examples\Resources\SqlAGDatabase\1-AddDatabaseToAvailabilityGroup.ps1|Examples\Resources\SqlAGDatabase\2-RemoveDatabaseFromAvailabilityGroup.ps1|Examples\Resources\SqlAGDatabase\3-MatchDefinedDatabaseInAvailabilityGroup.ps1|Examples\Resources\SqlAGListener\1-AddAvailabilityGroupListenerWithSameNameAsVCO.ps1|Examples\Resources\SqlAGListener\2-AddAvailabilityGroupListenerWithDifferentNameAsVCO.ps1|Examples\Resources\SqlAGListener\3-RemoveAvailabilityGroupListenerWithSameNameAsVCO.ps1|Examples\Resources\SqlAGListener\4-RemoveAvailabilityGroupListenerWithDifferentNameAsVCO.ps1|Examples\Resources\SqlAGListener\5-AddAvailabilityGroupListenerUsingDHCPWithDefaultServerSubnet.ps1|Examples\Resources\SqlAGListener\6-AddAvailabilityGroupListenerUsingDHCPWithSpecificSubnet.ps1|Examples\Resources\SqlAGReplica\1-CreateAvailabilityGroupReplica.ps1|Examples\Resources\SqlAGReplica\2-RemoveAvailabilityGroupReplica.ps1|Examples\Resources\SqlAlias\1-AddSqlAlias.ps1|Examples\Resources\SqlAlias\2-RemoveSqlAlias.ps1|Examples\Resources\SqlAlwaysOnService\1-EnableAlwaysOn.ps1|Examples\Resources\SqlAlwaysOnService\2-DisableAlwaysOn.ps1|Examples\Resources\SqlDatabase\1-CreateDatabase.ps1|Examples\Resources\SqlDatabase\2-DeleteDatabase.ps1|Examples\Resources\SqlDatabaseDefaultLocation\1-SetDatabaseDefaultLocation.ps1|Examples\Resources\SqlDatabaseOwner\1-SetDatabaseOwner.ps1|Examples\Resources\SqlDatabasePermission\1-GrantDatabasePermissions.ps1|Examples\Resources\SqlDatabasePermission\2-RevokeDatabasePermissions.ps1|Examples\Resources\SqlDatabasePermission\3-DenyDatabasePermissions.ps1|Examples\Resources\SqlDatabaseRecoveryModel\1-SetDatabaseRecoveryModel.ps1|Examples\Resources\SqlDatabaseRole\1-AddDatabaseRole.ps1|Examples\Resources\SqlDatabaseRole\2-RemoveDatabaseRole.ps1|Examples\Resources\SqlRS\1-DefaultConfiguration.ps1|Examples\Resources\SqlRS\2-CustomConfiguration.ps1|Examples\Resources\SqlRS\3-CustomConfigurationUsingSsl.ps1|Examples\Resources\SqlRS\4-CompleteWithTwoInstances.ps1|Examples\Resources\SqlScript\1-RunScriptUsingSQLAuthentication.ps1|Examples\Resources\SqlScript\2-RunScriptUsingWindowsAuthentication.ps1|Examples\Resources\SqlScript\3-RunScriptCompleteExample.ps1|Examples\Resources\SqlScriptQuery\1-RunScriptUsingSQLAuthentication.ps1|Examples\Resources\SqlScriptQuery\2-RunScriptUsingWindowsAuthentication.ps1|Examples\Resources\SqlScriptQuery\3-RunScriptCompleteExample.ps1|Examples\Resources\SqlServerConfiguration\1-ConfigureTwoInstancesOnTheSameServerToEnableClr.ps1|Examples\Resources\SqlServerConfiguration\2-ConfigureInstanceToEnablePriorityBoost.ps1|Examples\Resources\SqlServerDatabaseMail\1-EnableDatabaseMail.ps1|Examples\Resources\SqlServerDatabaseMail\2-DisableDatabaseMail.ps1|Examples\Resources\SqlServerEndpoint\1-CreateEndpointWithDefaultValues.ps1|Examples\Resources\SqlServerEndpoint\2-CreateEndpointWithSpecificPortAndIPAddress.ps1|Examples\Resources\SqlServerEndpoint\3-RemoveEndpoint.ps1|Examples\Resources\SqlServerEndpointPermission\1-AddConnectPermission.ps1|Examples\Resources\SqlServerEndpointPermission\2-RemoveConnectPermission.ps1|Examples\Resources\SqlServerEndpointPermission\3-AddConnectPermissionToTwoReplicasEachWithDifferentServiceAccount.ps1|Examples\Resources\SqlServerEndpointPermission\4-RemoveConnectPermissionForTwoReplicasEachWithDifferentServiceAccount.ps1|Examples\Resources\SqlServerEndpointState\1-MakeSureEndpointIsStarted.ps1|Examples\Resources\SqlServerEndpointState\2-MakeSureEndpointIsStopped.ps1|Examples\Resources\SqlServerLogin\1-AddLogin.ps1|Examples\Resources\SqlServerLogin\2-RemoveLogin.ps1|Examples\Resources\SqlServerMaxDop\1-SetMaxDopToOne.ps1|Examples\Resources\SqlServerMaxDop\2-SetMaxDopToAuto.ps1|Examples\Resources\SqlServerMaxDop\3-SetMaxDopToDefault.ps1|Examples\Resources\SqlServerMemory\1-SetMaxMemoryTo12GB.ps1|Examples\Resources\SqlServerMemory\2-SetMaxMemoryToAuto.ps1|Examples\Resources\SqlServerMemory\3-SetMinMemoryToFixedValueAndMaxMemoryToAuto.ps1|Examples\Resources\SqlServerMemory\4-SetMaxMemoryToDefault.ps1|Examples\Resources\SqlServerNetwork\1-EnableTcpIpWithStaticPort.ps1|Examples\Resources\SqlServerNetwork\2-EnableTcpIpWithDynamicPort.ps1|Examples\Resources\SqlServerPermission\1-AddServerPermissionForLogin.ps1|Examples\Resources\SqlServerPermission\2-RemoveServerPermissionForLogin.ps1|Examples\Resources\SqlServerReplication\1-ConfigureInstanceAsDistributor.ps1|Examples\Resources\SqlServerReplication\2-ConfigureInstanceAsPublisher.ps1|Examples\Resources\SqlServerRole\1-AddServerRole.ps1|Examples\Resources\SqlServerRole\2-RemoveServerRole.ps1|Examples\Resources\SqlServerRole\3-AddMembersToServerRole.ps1|Examples\Resources\SqlServerRole\4-MembersToIncludeInServerRole.ps1|Examples\Resources\SqlServerRole\5-MembersToExcludeInServerRole.ps1|Examples\Resources\SqlServerSecureConnection\1-ForceSecureConnection.ps1|Examples\Resources\SqlServerSecureConnection\2-SecureConnectionNotForced.ps1|Examples\Resources\SqlServerSecureConnection\3-SecureConnectionAbsent.ps1|Examples\Resources\SqlServiceAccount\1-ConfigureServiceAccount-UserAccount.ps1|Examples\Resources\SqlServiceAccount\2-ConfigureServiceAccount-VirtualAccount.ps1|Examples\Resources\SqlSetup\1-InstallDefaultInstanceSingleServer.ps1|Examples\Resources\SqlSetup\2-InstallNamedInstanceSingleServer.ps1|Examples\Resources\SqlSetup\3-InstallNamedInstanceSingleServerFromUncPathUsingSourceCredential.ps1|Examples\Resources\SqlSetup\4-InstallNamedInstanceInFailoverClusterFirstNode.ps1|Examples\Resources\SqlSetup\5-InstallNamedInstanceInFailoverClusterSecondNode.ps1|Examples\Resources\SqlSetup\6-InstallNamedInstanceSingleServerWithAgtSvcStartupTypeDisabled.ps1|Examples\Resources\SqlWaitForAG\1-WaitForASingleClusterGroup.ps1|Examples\Resources\SqlWaitForAG\2-WaitForMultipleClusterGroups.ps1|Examples\Resources\SqlWindowsFirewall\1-CreateInboundFirewallRules.ps1|Examples\Resources\SqlWindowsFirewall\2-RemoveInboundFirewallRules.ps1|sv-SE\SqlServerDscHelper.strings.psd1|Tests\Tests.depend.psd1|Tests\Integration\MSFT_SqlAlwaysOnService.config.ps1|Tests\Integration\MSFT_SqlAlwaysOnService.Integration.Tests.ps1|Tests\Integration\MSFT_SqlDatabaseDefaultLocation.config.ps1|Tests\Integration\MSFT_SqlDatabaseDefaultLocation.Integration.Tests.ps1|Tests\Integration\MSFT_SqlRS.config.ps1|Tests\Integration\MSFT_SqlRS.Integration.Tests.ps1|Tests\Integration\MSFT_SqlScript.config.ps1|Tests\Integration\MSFT_SqlScript.Integration.Tests.ps1|Tests\Integration\MSFT_SqlScriptQuery.config.ps1|Tests\Integration\MSFT_SqlScriptQuery.Integration.Tests.ps1|Tests\Integration\MSFT_SqlServerDatabaseMail.config.ps1|Tests\Integration\MSFT_SqlServerDatabaseMail.Integration.Tests.ps1|Tests\Integration\MSFT_SqlServerLogin.config.ps1|Tests\Integration\MSFT_SqlServerLogin.Integration.Tests.ps1|Tests\Integration\MSFT_SqlServerNetwork.config.ps1|Tests\Integration\MSFT_SqlServerNetwork.Integration.Tests.ps1|Tests\Integration\MSFT_SqlServerRole.config.ps1|Tests\Integration\MSFT_SqlServerRole.Integration.Tests.ps1|Tests\Integration\MSFT_SqlServerSecureConnection.config.ps1|Tests\Integration\MSFT_SqlServerSecureConnection.Integration.Tests.ps1|Tests\Integration\MSFT_SqlServiceAccount.config.ps1|Tests\Integration\MSFT_SqlServiceAccount.Integration.Tests.ps1|Tests\Integration\MSFT_SqlSetup.config.ps1|Tests\Integration\MSFT_SqlSetup.Integration.Tests.ps1|Tests\Integration\README.md|Tests\TestHelpers\CommonTestHelper.psm1|Tests\Unit\CommonResourceHelper.Tests.ps1|Tests\Unit\MSFT_SqlAG.Tests.ps1|Tests\Unit\MSFT_SqlAGDatabase.Tests.ps1|Tests\Unit\MSFT_SqlAGListener.Tests.ps1|Tests\Unit\MSFT_SqlAGReplica.Tests.ps1|Tests\Unit\MSFT_SqlAlias.Tests.ps1|Tests\Unit\MSFT_SqlAlwaysOnService.Tests.ps1|Tests\Unit\MSFT_SqlDatabase.Tests.ps1|Tests\Unit\MSFT_SqlDatabaseDefaultLocation.Tests.ps1|Tests\Unit\MSFT_SqlDatabaseOwner.Tests.ps1|Tests\Unit\MSFT_SqlDatabasePermission.Tests.ps1|Tests\Unit\MSFT_SqlDatabaseRecoveryModel.Tests.ps1|Tests\Unit\MSFT_SqlDatabaseRole.Tests.ps1|Tests\Unit\MSFT_SqlRS.Tests.ps1|Tests\Unit\MSFT_SqlScript.Tests.ps1|Tests\Unit\MSFT_SqlScriptQuery.Tests.ps1|Tests\Unit\MSFT_SqlServerConfiguration.Tests.ps1|Tests\Unit\MSFT_SqlServerDatabaseMail.Tests.ps1|Tests\Unit\MSFT_SqlServerEndpoint.Tests.ps1|Tests\Unit\MSFT_SqlServerEndpointPermission.Tests.ps1|Tests\Unit\MSFT_SqlServerEndpointState.Tests.ps1|Tests\Unit\MSFT_SqlServerLogin.Tests.ps1|Tests\Unit\MSFT_SqlServerMaxDop.Tests.ps1|Tests\Unit\MSFT_SqlServerMemory.Tests.ps1|Tests\Unit\MSFT_SqlServerNetwork.Tests.ps1|Tests\Unit\MSFT_SqlServerPermission.Tests.ps1|Tests\Unit\MSFT_SqlServerReplication.Tests.ps1|Tests\Unit\MSFT_SqlServerRole.Tests.ps1|Tests\Unit\MSFT_SqlServerSecureConnection.Tests.ps1|Tests\Unit\MSFT_SqlServiceAccount.Tests.ps1|Tests\Unit\MSFT_SqlSetup.Tests.ps1|Tests\Unit\MSFT_SqlWaitForAG.Tests.ps1|Tests\Unit\MSFT_SqlWindowsFirewall.Tests.ps1|Tests\Unit\SqlServerDSCHelper.Tests.ps1|Tests\Unit\Stubs\SMO.cs|Tests\Unit\Stubs\SqlPowerShellSqlExecutionException.cs|Tests\Unit\Stubs\SQLPSStub.psm1|Tests\Unit\Stubs\SQLServerStub.psm1|Tests\Unit\Stubs\Write-ModuleStubFile.ps1</S>
          <S N="DscResources">SqlAG SqlAGDatabase SqlAGListener SqlAGReplica SqlAlias SqlAlwaysOnService SqlDatabase SqlDatabaseDefaultLocation SqlDatabaseOwner SqlDatabasePermission SqlDatabaseRecoveryModel SqlDatabaseRole SqlRS SqlScript SqlScriptQuery SqlServerConfiguration SqlServerDatabaseMail SqlServerEndpoint SqlServerEndpointPermission SqlServerEndpointState SqlServerLogin SqlServerMaxDop SqlServerMemory SqlServerNetwork SqlServerPermission SqlServerReplication SqlServerRole SqlServerSecureConnection SqlServiceAccount SqlSetup SqlWaitForAG SqlWindowsFirewall</S>
          <S N="GUID">693ee082-ed36-45a7-b490-88b07c86b42f</S>
          <S N="PowerShellVersion">5.0</S>
          <S N="CLRVersion">4.0</S>
          <S N="CompanyName">Microsoft Corporation</S>
        </MS>
      </Obj>
      <S N="InstalledLocation">C:\Program Files\PowerShell\Modules\SqlServerDsc\12.1.0.0</S>
    </MS>
  </Obj>
</Objs>
