<Objs Version="1.1.0.1" xmlns="http://schemas.microsoft.com/powershell/2004/04">
  <Obj RefId="0">
    <TN RefId="0">
      <T>Microsoft.PowerShell.Commands.PSRepositoryItemInfo</T>
      <T>System.Management.Automation.PSCustomObject</T>
      <T>System.Object</T>
    </TN>
    <MS>
      <S N="Name">xPSDesiredStateConfiguration</S>
      <Version N="Version">8.4.0.0</Version>
      <S N="Type">Module</S>
      <S N="Description">The xPSDesiredStateConfiguration module is a part of the Windows PowerShell Desired State Configuration (DSC) Resource Kit, which is a collection of DSC Resources produced by the PowerShell Team. This module contains the xDscWebService, xWindowsProcess, xService, xPackage, xArchive, xRemoteFile, xPSEndpoint and xWindowsOptionalFeature resources. Please see the Details section for more information on the functionalities provided by these resources._x000D__x000A__x000D__x000A_All of the resources in the DSC Resource Kit are provided AS IS, and are not supported through any Microsoft standard support program or service. The "x" in xPSDesiredStateConfiguration stands for experimental, which means that these resources will be fix forward and monitored by the module owner(s).</S>
      <S N="Author">Microsoft Corporation</S>
      <S N="CompanyName">PowerShellTeam</S>
      <S N="Copyright">(c) 2014 Microsoft Corporation. All rights reserved.</S>
      <DT N="PublishedDate">2018-07-25T21:31:09+03:00</DT>
      <Obj N="InstalledDate" RefId="1">
        <DT>2018-11-16T16:16:49.5284151+02:00</DT>
        <MS>
          <Obj N="DisplayHint" RefId="2">
            <TN RefId="1">
              <T>Microsoft.PowerShell.Commands.DisplayHintType</T>
              <T>System.Enum</T>
              <T>System.ValueType</T>
              <T>System.Object</T>
            </TN>
            <ToString>DateTime</ToString>
            <I32>2</I32>
          </Obj>
        </MS>
      </Obj>
      <Nil N="UpdatedDate" />
      <URI N="LicenseUri">https://github.com/PowerShell/xPSDesiredStateConfiguration/blob/master/LICENSE</URI>
      <URI N="ProjectUri">https://github.com/PowerShell/xPSDesiredStateConfiguration</URI>
      <Nil N="IconUri" />
      <Obj N="Tags" RefId="3">
        <TN RefId="2">
          <T>System.Object[]</T>
          <T>System.Array</T>
          <T>System.Object</T>
        </TN>
        <LST>
          <S>DesiredStateConfiguration</S>
          <S>DSC</S>
          <S>DSCResourceKit</S>
          <S>DSCResource</S>
          <S>PSModule</S>
        </LST>
      </Obj>
      <Obj N="Includes" RefId="4">
        <TN RefId="3">
          <T>System.Collections.Hashtable</T>
          <T>System.Object</T>
        </TN>
        <DCT>
          <En>
            <S N="Key">RoleCapability</S>
            <Obj N="Value" RefId="5">
              <TNRef RefId="2" />
              <LST />
            </Obj>
          </En>
          <En>
            <S N="Key">Command</S>
            <Obj N="Value" RefId="6">
              <TNRef RefId="2" />
              <LST>
                <S>Publish-DSCModuleAndMof</S>
                <S>Publish-ModuleToPullServer</S>
                <S>Publish-MOFToPullServer</S>
              </LST>
            </Obj>
          </En>
          <En>
            <S N="Key">Cmdlet</S>
            <Ref N="Value" RefId="5" />
          </En>
          <En>
            <S N="Key">Workflow</S>
            <Ref N="Value" RefId="5" />
          </En>
          <En>
            <S N="Key">DscResource</S>
            <Obj N="Value" RefId="7">
              <TNRef RefId="2" />
              <LST>
                <S>xArchive</S>
                <S>xDSCWebService</S>
                <S>xEnvironment</S>
                <S>xFileUpload</S>
                <S>xGroup</S>
                <S>xGroupSet</S>
                <S>xMsiPackage</S>
                <S>xPackage</S>
                <S>xProcessSet</S>
                <S>xPSEndpoint</S>
                <S>xRegistry</S>
                <S>xRemoteFile</S>
                <S>xScript</S>
                <S>xService</S>
                <S>xServiceSet</S>
                <S>xUser</S>
                <S>xWindowsFeature</S>
                <S>xWindowsFeatureSet</S>
                <S>xWindowsOptionalFeature</S>
                <S>xWindowsOptionalFeatureSet</S>
                <S>xWindowsPackageCab</S>
                <S>xWindowsProcess</S>
              </LST>
            </Obj>
          </En>
          <En>
            <S N="Key">Function</S>
            <Obj N="Value" RefId="8">
              <TNRef RefId="2" />
              <LST>
                <S>Publish-DSCModuleAndMof</S>
                <S>Publish-ModuleToPullServer</S>
                <S>Publish-MOFToPullServer</S>
              </LST>
            </Obj>
          </En>
        </DCT>
      </Obj>
      <Nil N="PowerShellGetFormatVersion" />
      <S N="ReleaseNotes">* Changes to xPSDesiredStateConfiguration_x000D__x000A_  * Opt-in for the common tests validate module files and script files._x000D__x000A_  * All files change to encoding UTF-8 (without byte order mark)._x000D__x000A_  * Opt-in for the common test for example validation._x000D__x000A_  * Added Visual Studio Code workspace settings that helps with formatting_x000D__x000A_    against the style guideline._x000D__x000A_  * Update all examples for them to be able pass the common test validation._x000D__x000A_* xEnvironment path documentation update demonstrating usage with multiple values  ([issue 415](https://github.com/PowerShell/xPSDesiredStateConfiguration/issues/415). [Alex Kokkinos (@alexkokkinos)](https://github.com/alexkokkinos)_x000D__x000A_* Changes to xWindowsProcess_x000D__x000A_  * Increased the wait time in the integration tests since the tests_x000D__x000A_    still failed randomly ([issue 420](https://github.com/PowerShell/xPSDesiredStateConfiguration/issues/420))._x000D__x000A_* Renamed and updated examples to be able to publish them to PowerShell Gallery._x000D__x000A_  * Sample\_x005F_xScript.ps1 to xScript\_WatchFileContentConfig.ps1_x000D__x000A_  * Sample\_x005F_xService\_UpdateStartupTypeIgnoreState.ps1 to xService\_UpdateStartupTypeIgnoreStateConfig.ps1_x000D__x000A_  * Sample\_x005F_xWindowsProcess\_Start.ps1 to xWindowsProcess\_StartProcessConfig.ps1_x000D__x000A_  * Sample\_x005F_xWindowsProcess\_StartUnderUser.ps1 to xWindowsProcess\_StartProcessUnderUserConfig.ps1_x000D__x000A_  * Sample\_x005F_xWindowsProcess\_Stop.ps1 to xWindowsProcess\_StopProcessConfig.ps1_x000D__x000A_  * Sample\_x005F_xWindowsProcess\_StopUnderUser.ps1 to xWindowsProcess\_StopProcessUnderUserConfig.ps1_x000D__x000A_  * Sample\_x005F_xUser\_CreateUser.ps1.ps1 to xUser\_CreateUserConfig.ps1_x000D__x000A_  * Sample\_x005F_xUser\_Generic.ps1.ps1 to xUser\_CreateUserDetailedConfig.ps1_x000D__x000A_  * Sample\_x005F_xWindowsFeature.ps1 to xWindowsFeature\_AddFeatureConfig.ps1_x000D__x000A_  * Sample\_x005F_xWindowsFeatureSet\_Install.ps1 to xWindowsFeatureSet\_AddFeaturesConfig.ps1_x000D__x000A_  * Sample\_x005F_xWindowsFeatureSet\_Uninstall.ps1 to xWindowsFeatureSet\_RemoveFeaturesConfig.ps1_x000D__x000A_  * Sample\_x005F_xRegistryResource\_AddKey.ps1 to xRegistryResource\_AddKeyConfig.ps1_x000D__x000A_  * Sample\_x005F_xRegistryResource\_RemoveKey.ps1 to xRegistryResource\_RemoveKeyConfig.ps1_x000D__x000A_  * Sample\_x005F_xRegistryResource\_AddOrModifyValue.ps1 to xRegistryResource\_AddOrModifyValueConfig.ps1_x000D__x000A_  * Sample\_x005F_xRegistryResource\_RemoveValue.ps1 to xRegistryResource\_RemoveValueConfig.ps1_x000D__x000A_  * Sample\_x005F_xService\_CreateService.ps1 to xService\_CreateServiceConfig.ps1_x000D__x000A_  * Sample\_x005F_xService\_DeleteService.ps1 to xService\_RemoveServiceConfig.ps1_x000D__x000A_  * Sample\_x005F_xServiceSet\_StartServices.ps1 to xServiceSet\_StartServicesConfig.ps1_x000D__x000A_  * Sample\_x005F_xServiceSet\_BuiltInAccount to xServiceSet\_EnsureBuiltInAccountConfig.ps1_x000D__x000A_  * Sample\_x005F_xWindowsPackageCab to xWindowsPackageCab\_InstallPackageConfig_x000D__x000A_  * Sample\_x005F_xWindowsOptionalFeature.ps1 to xWindowsOptionalFeature\_EnableConfig.ps1_x000D__x000A_  * Sample\_x005F_xWindowsOptionalFeatureSet\_Enable.ps1 to xWindowsOptionalFeatureSet\_EnableConfig.ps1_x000D__x000A_  * Sample\_x005F_xWindowsOptionalFeatureSet\_Disable.ps1 to xWindowsOptionalFeatureSet\_DisableConfig.ps1_x000D__x000A_  * Sample\_x005F_xRemoteFileUsingProxy.ps1 to xRemoteFile\_DownloadFileUsingProxyConfig.ps1_x000D__x000A_  * Sample\_x005F_xRemoteFile.ps1 to xRemoteFile\_DownloadFileConfig.ps1_x000D__x000A_  * Sample\_x005F_xProcessSet\_Start.ps1 to xProcessSet\_StartProcessConfig.ps1_x000D__x000A_  * Sample\_x005F_xProcessSet\_Stop.ps1 to xProcessSet\_StopProcessConfig.ps1_x000D__x000A_  * Sample\_x005F_xMsiPackage\_UninstallPackageFromHttps.ps1 to xMsiPackage\_UninstallPackageFromHttpsConfig.ps1_x000D__x000A_  * Sample\_x005F_xMsiPackage\_UninstallPackageFromFile.ps1 to xMsiPackage\_UninstallPackageFromFileConfig.ps1_x000D__x000A_  * Sample\_x005F_xMsiPackage\_InstallPackageFromFile to xMsiPackage\_InstallPackageConfig.ps1_x000D__x000A_  * Sample\_x005F_xGroup\_SetMembers.ps1 to xGroup\_SetMembersConfig.ps1_x000D__x000A_  * Sample\_x005F_xGroup\_RemoveMembers.ps1 to xGroup\_RemoveMembersConfig.ps1_x000D__x000A_  * Sample\_x005F_xGroupSet\_AddMembers.ps1 to xGroupSet\_AddMembersConfig.ps1_x000D__x000A_  * Sample\_x005F_xFileUpload.ps1 to xFileUpload\_UploadToSMBShareConfig.ps1_x000D__x000A_  * Sample\_x005F_xEnvironment\_CreateMultiplePathVariables.ps1 to xEnvironment\_AddMultiplePathsConfig.ps1_x000D__x000A_  * Sample\_x005F_xEnvironment\_RemovePathVariables.ps1 to xEnvironment\_RemoveMultiplePathsConfig.ps1_x000D__x000A_  * Sample\_x005F_xEnvironment\_CreateNonPathVariable.ps1 to xEnvironment\_CreateNonPathVariableConfig.ps1_x000D__x000A_  * Sample\_x005F_xEnvironment\_Remove.ps1 to xEnvironment\_RemoveVariableConfig.ps1_x000D__x000A_  * Sample\_x005F_xArchive\_ExpandArchiveChecksumAndForce.ps1 to xArchive\_ExpandArchiveChecksumAndForceConfig.ps1_x000D__x000A_  * Sample\_x005F_xArchive\_ExpandArchiveDefaultValidationAndForce.ps1 to xArchive\_ExpandArchiveDefaultValidationAndForceConfig.ps1_x000D__x000A_  * Sample\_x005F_xArchive\_ExpandArchiveNoValidation.ps1 to xArchive\_ExpandArchiveNoValidationConfig.ps1_x000D__x000A_  * Sample\_x005F_xArchive\_ExpandArchiveNoValidationCredential.ps1 to xArchive\_ExpandArchiveNoValidationCredentialConfig.ps1_x000D__x000A_  * Sample\_x005F_xArchive\_RemoveArchiveChecksum.ps1 to xArchive\_RemoveArchiveChecksumConfig.ps1_x000D__x000A_  * Sample\_x005F_xArchive\_RemoveArchiveNoValidation.ps1 to xArchive\_RemoveArchiveNoValidationConfig.ps1_x000D__x000A_  * Sample\_InstallExeCreds\_x005F_xPackage.ps1 to xPackage\_InstallExeUsingCredentialsConfig.ps1_x000D__x000A_  * Sample\_InstallExeCredsRegistry\_x005F_xPackage.ps1 to xPackage\_InstallExeUsingCredentialsAndRegistryConfig.ps1_x000D__x000A_  * Sample\_InstallMSI\_x005F_xPackage.ps1 to xPackage\_InstallMsiConfig.ps1_x000D__x000A_  * Sample\_InstallMSIProductId\_x005F_xPackage.ps1 to xPackage\_InstallMsiUsingProductIdConfig.ps1_x000D__x000A_* New examples_x000D__x000A_  * xUser\_RemoveUserConfig.ps1_x000D__x000A_  * xWindowsFeature\_AddFeatureUsingCredentialConfig.ps1_x000D__x000A_  * xWindowsFeature\_AddFeatureWithLogPathConfig.ps1_x000D__x000A_  * xWindowsFeature\_RemoveFeatureConfig.ps1_x000D__x000A_  * xService\_ChangeServiceStateConfig.ps1_x000D__x000A_  * xWindowsOptionalFeature\_DisableConfig.ps1_x000D__x000A_  * xPSEndpoint\_NewConfig.ps1_x000D__x000A_  * xPSEndpoint\_NewWithDefaultsConfig.ps1_x000D__x000A_  * xPSEndpoint\_RemoveConfig.ps1_x000D__x000A_  * xPSEndpoint\_NewCustomConfig.ps1_x000D__x000A_* Removed examples_x000D__x000A_  * Sample\_x005F_xPSSessionConfiguration.ps1 - This file was split up in several examples,_x000D__x000A_    those starting with "xPSEndpoint*"._x000D__x000A_  * Sample\_x005F_xMsiPackage\_InstallPackageFromHttp - This was added to the example_x000D__x000A_    xMsiPackage\_InstallPackageConfig.ps1 so the example sows either URI scheme._x000D__x000A_  * Sample\_x005F_xEnvironment\_CreatePathVariable.ps1 - Same as the new example_x000D__x000A_    xEnvironment\_AddMultiplePaths.ps1</S>
      <Obj N="Dependencies" RefId="9">
        <TNRef RefId="2" />
        <LST />
      </Obj>
      <S N="RepositorySourceLocation">https://www.powershellgallery.com/api/v2/</S>
      <S N="Repository">PSGallery</S>
      <S N="PackageManagementProvider">NuGet</S>
      <Obj N="AdditionalMetadata" RefId="10">
        <TN RefId="4">
          <T>System.Management.Automation.PSCustomObject</T>
          <T>System.Object</T>
        </TN>
        <MS>
          <S N="copyright">(c) 2014 Microsoft Corporation. All rights reserved.</S>
          <S N="description">The xPSDesiredStateConfiguration module is a part of the Windows PowerShell Desired State Configuration (DSC) Resource Kit, which is a collection of DSC Resources produced by the PowerShell Team. This module contains the xDscWebService, xWindowsProcess, xService, xPackage, xArchive, xRemoteFile, xPSEndpoint and xWindowsOptionalFeature resources. Please see the Details section for more information on the functionalities provided by these resources._x000D__x000A__x000D__x000A_All of the resources in the DSC Resource Kit are provided AS IS, and are not supported through any Microsoft standard support program or service. The "x" in xPSDesiredStateConfiguration stands for experimental, which means that these resources will be fix forward and monitored by the module owner(s).</S>
          <S N="requireLicenseAcceptance">True</S>
          <S N="releaseNotes">* Changes to xPSDesiredStateConfiguration_x000D__x000A_  * Opt-in for the common tests validate module files and script files._x000D__x000A_  * All files change to encoding UTF-8 (without byte order mark)._x000D__x000A_  * Opt-in for the common test for example validation._x000D__x000A_  * Added Visual Studio Code workspace settings that helps with formatting_x000D__x000A_    against the style guideline._x000D__x000A_  * Update all examples for them to be able pass the common test validation._x000D__x000A_* xEnvironment path documentation update demonstrating usage with multiple values  ([issue 415](https://github.com/PowerShell/xPSDesiredStateConfiguration/issues/415). [Alex Kokkinos (@alexkokkinos)](https://github.com/alexkokkinos)_x000D__x000A_* Changes to xWindowsProcess_x000D__x000A_  * Increased the wait time in the integration tests since the tests_x000D__x000A_    still failed randomly ([issue 420](https://github.com/PowerShell/xPSDesiredStateConfiguration/issues/420))._x000D__x000A_* Renamed and updated examples to be able to publish them to PowerShell Gallery._x000D__x000A_  * Sample\_x005F_xScript.ps1 to xScript\_WatchFileContentConfig.ps1_x000D__x000A_  * Sample\_x005F_xService\_UpdateStartupTypeIgnoreState.ps1 to xService\_UpdateStartupTypeIgnoreStateConfig.ps1_x000D__x000A_  * Sample\_x005F_xWindowsProcess\_Start.ps1 to xWindowsProcess\_StartProcessConfig.ps1_x000D__x000A_  * Sample\_x005F_xWindowsProcess\_StartUnderUser.ps1 to xWindowsProcess\_StartProcessUnderUserConfig.ps1_x000D__x000A_  * Sample\_x005F_xWindowsProcess\_Stop.ps1 to xWindowsProcess\_StopProcessConfig.ps1_x000D__x000A_  * Sample\_x005F_xWindowsProcess\_StopUnderUser.ps1 to xWindowsProcess\_StopProcessUnderUserConfig.ps1_x000D__x000A_  * Sample\_x005F_xUser\_CreateUser.ps1.ps1 to xUser\_CreateUserConfig.ps1_x000D__x000A_  * Sample\_x005F_xUser\_Generic.ps1.ps1 to xUser\_CreateUserDetailedConfig.ps1_x000D__x000A_  * Sample\_x005F_xWindowsFeature.ps1 to xWindowsFeature\_AddFeatureConfig.ps1_x000D__x000A_  * Sample\_x005F_xWindowsFeatureSet\_Install.ps1 to xWindowsFeatureSet\_AddFeaturesConfig.ps1_x000D__x000A_  * Sample\_x005F_xWindowsFeatureSet\_Uninstall.ps1 to xWindowsFeatureSet\_RemoveFeaturesConfig.ps1_x000D__x000A_  * Sample\_x005F_xRegistryResource\_AddKey.ps1 to xRegistryResource\_AddKeyConfig.ps1_x000D__x000A_  * Sample\_x005F_xRegistryResource\_RemoveKey.ps1 to xRegistryResource\_RemoveKeyConfig.ps1_x000D__x000A_  * Sample\_x005F_xRegistryResource\_AddOrModifyValue.ps1 to xRegistryResource\_AddOrModifyValueConfig.ps1_x000D__x000A_  * Sample\_x005F_xRegistryResource\_RemoveValue.ps1 to xRegistryResource\_RemoveValueConfig.ps1_x000D__x000A_  * Sample\_x005F_xService\_CreateService.ps1 to xService\_CreateServiceConfig.ps1_x000D__x000A_  * Sample\_x005F_xService\_DeleteService.ps1 to xService\_RemoveServiceConfig.ps1_x000D__x000A_  * Sample\_x005F_xServiceSet\_StartServices.ps1 to xServiceSet\_StartServicesConfig.ps1_x000D__x000A_  * Sample\_x005F_xServiceSet\_BuiltInAccount to xServiceSet\_EnsureBuiltInAccountConfig.ps1_x000D__x000A_  * Sample\_x005F_xWindowsPackageCab to xWindowsPackageCab\_InstallPackageConfig_x000D__x000A_  * Sample\_x005F_xWindowsOptionalFeature.ps1 to xWindowsOptionalFeature\_EnableConfig.ps1_x000D__x000A_  * Sample\_x005F_xWindowsOptionalFeatureSet\_Enable.ps1 to xWindowsOptionalFeatureSet\_EnableConfig.ps1_x000D__x000A_  * Sample\_x005F_xWindowsOptionalFeatureSet\_Disable.ps1 to xWindowsOptionalFeatureSet\_DisableConfig.ps1_x000D__x000A_  * Sample\_x005F_xRemoteFileUsingProxy.ps1 to xRemoteFile\_DownloadFileUsingProxyConfig.ps1_x000D__x000A_  * Sample\_x005F_xRemoteFile.ps1 to xRemoteFile\_DownloadFileConfig.ps1_x000D__x000A_  * Sample\_x005F_xProcessSet\_Start.ps1 to xProcessSet\_StartProcessConfig.ps1_x000D__x000A_  * Sample\_x005F_xProcessSet\_Stop.ps1 to xProcessSet\_StopProcessConfig.ps1_x000D__x000A_  * Sample\_x005F_xMsiPackage\_UninstallPackageFromHttps.ps1 to xMsiPackage\_UninstallPackageFromHttpsConfig.ps1_x000D__x000A_  * Sample\_x005F_xMsiPackage\_UninstallPackageFromFile.ps1 to xMsiPackage\_UninstallPackageFromFileConfig.ps1_x000D__x000A_  * Sample\_x005F_xMsiPackage\_InstallPackageFromFile to xMsiPackage\_InstallPackageConfig.ps1_x000D__x000A_  * Sample\_x005F_xGroup\_SetMembers.ps1 to xGroup\_SetMembersConfig.ps1_x000D__x000A_  * Sample\_x005F_xGroup\_RemoveMembers.ps1 to xGroup\_RemoveMembersConfig.ps1_x000D__x000A_  * Sample\_x005F_xGroupSet\_AddMembers.ps1 to xGroupSet\_AddMembersConfig.ps1_x000D__x000A_  * Sample\_x005F_xFileUpload.ps1 to xFileUpload\_UploadToSMBShareConfig.ps1_x000D__x000A_  * Sample\_x005F_xEnvironment\_CreateMultiplePathVariables.ps1 to xEnvironment\_AddMultiplePathsConfig.ps1_x000D__x000A_  * Sample\_x005F_xEnvironment\_RemovePathVariables.ps1 to xEnvironment\_RemoveMultiplePathsConfig.ps1_x000D__x000A_  * Sample\_x005F_xEnvironment\_CreateNonPathVariable.ps1 to xEnvironment\_CreateNonPathVariableConfig.ps1_x000D__x000A_  * Sample\_x005F_xEnvironment\_Remove.ps1 to xEnvironment\_RemoveVariableConfig.ps1_x000D__x000A_  * Sample\_x005F_xArchive\_ExpandArchiveChecksumAndForce.ps1 to xArchive\_ExpandArchiveChecksumAndForceConfig.ps1_x000D__x000A_  * Sample\_x005F_xArchive\_ExpandArchiveDefaultValidationAndForce.ps1 to xArchive\_ExpandArchiveDefaultValidationAndForceConfig.ps1_x000D__x000A_  * Sample\_x005F_xArchive\_ExpandArchiveNoValidation.ps1 to xArchive\_ExpandArchiveNoValidationConfig.ps1_x000D__x000A_  * Sample\_x005F_xArchive\_ExpandArchiveNoValidationCredential.ps1 to xArchive\_ExpandArchiveNoValidationCredentialConfig.ps1_x000D__x000A_  * Sample\_x005F_xArchive\_RemoveArchiveChecksum.ps1 to xArchive\_RemoveArchiveChecksumConfig.ps1_x000D__x000A_  * Sample\_x005F_xArchive\_RemoveArchiveNoValidation.ps1 to xArchive\_RemoveArchiveNoValidationConfig.ps1_x000D__x000A_  * Sample\_InstallExeCreds\_x005F_xPackage.ps1 to xPackage\_InstallExeUsingCredentialsConfig.ps1_x000D__x000A_  * Sample\_InstallExeCredsRegistry\_x005F_xPackage.ps1 to xPackage\_InstallExeUsingCredentialsAndRegistryConfig.ps1_x000D__x000A_  * Sample\_InstallMSI\_x005F_xPackage.ps1 to xPackage\_InstallMsiConfig.ps1_x000D__x000A_  * Sample\_InstallMSIProductId\_x005F_xPackage.ps1 to xPackage\_InstallMsiUsingProductIdConfig.ps1_x000D__x000A_* New examples_x000D__x000A_  * xUser\_RemoveUserConfig.ps1_x000D__x000A_  * xWindowsFeature\_AddFeatureUsingCredentialConfig.ps1_x000D__x000A_  * xWindowsFeature\_AddFeatureWithLogPathConfig.ps1_x000D__x000A_  * xWindowsFeature\_RemoveFeatureConfig.ps1_x000D__x000A_  * xService\_ChangeServiceStateConfig.ps1_x000D__x000A_  * xWindowsOptionalFeature\_DisableConfig.ps1_x000D__x000A_  * xPSEndpoint\_NewConfig.ps1_x000D__x000A_  * xPSEndpoint\_NewWithDefaultsConfig.ps1_x000D__x000A_  * xPSEndpoint\_RemoveConfig.ps1_x000D__x000A_  * xPSEndpoint\_NewCustomConfig.ps1_x000D__x000A_* Removed examples_x000D__x000A_  * Sample\_x005F_xPSSessionConfiguration.ps1 - This file was split up in several examples,_x000D__x000A_    those starting with "xPSEndpoint*"._x000D__x000A_  * Sample\_x005F_xMsiPackage\_InstallPackageFromHttp - This was added to the example_x000D__x000A_    xMsiPackage\_InstallPackageConfig.ps1 so the example sows either URI scheme._x000D__x000A_  * Sample\_x005F_xEnvironment\_CreatePathVariable.ps1 - Same as the new example_x000D__x000A_    xEnvironment\_AddMultiplePaths.ps1</S>
          <S N="isLatestVersion">True</S>
          <S N="isAbsoluteLatestVersion">True</S>
          <S N="versionDownloadCount">288022</S>
          <S N="downloadCount">6670651</S>
          <S N="packageSize">464053</S>
          <S N="published">25/07/2018 21:31:09 +03:00</S>
          <S N="created">25/07/2018 21:31:09 +03:00</S>
          <S N="lastUpdated">16/11/2018 14:16:17 +02:00</S>
          <S N="tags">DesiredStateConfiguration DSC DSCResourceKit DSCResource PSModule PSFunction_Publish-DSCModuleAndMof PSCommand_Publish-DSCModuleAndMof PSFunction_Publish-ModuleToPullServer PSCommand_Publish-ModuleToPullServer PSFunction_Publish-MOFToPullServer PSCommand_Publish-MOFToPullServer PSIncludes_Function PSDscResource_x005F_xArchive PSDscResource_x005F_xDSCWebService PSDscResource_x005F_xEnvironment PSDscResource_x005F_xFileUpload PSDscResource_x005F_xGroup PSDscResource_x005F_xGroupSet PSDscResource_x005F_xMsiPackage PSDscResource_x005F_xPackage PSDscResource_x005F_xProcessSet PSDscResource_x005F_xPSEndpoint PSDscResource_x005F_xRegistry PSDscResource_x005F_xRemoteFile PSDscResource_x005F_xScript PSDscResource_x005F_xService PSDscResource_x005F_xServiceSet PSDscResource_x005F_xUser PSDscResource_x005F_xWindowsFeature PSDscResource_x005F_xWindowsFeatureSet PSDscResource_x005F_xWindowsOptionalFeature PSDscResource_x005F_xWindowsOptionalFeatureSet PSDscResource_x005F_xWindowsPackageCab PSDscResource_x005F_xWindowsProcess PSIncludes_DscResource</S>
          <S N="developmentDependency">False</S>
          <S N="updated">2018-11-16T14:16:17Z</S>
          <S N="NormalizedVersion">8.4.0</S>
          <S N="Authors">Microsoft Corporation</S>
          <S N="IsPrerelease">false</S>
          <S N="ItemType">Module</S>
          <S N="FileList">xPSDesiredStateConfiguration.nuspec|HighQualityResourceModulePlan.md|LICENSE|README.md|xPSDesiredStateConfiguration.psd1|DSCPullServerSetup\PublishModulesAndMofsToPullServer.psm1|DSCPullServerSetup\README.md|DSCPullServerSetup\PullServerDeploymentVerificationTest\PullServerSetupTests.ps1|DSCResources\CommonResourceHelper.psm1|DSCResources\ResourceSetHelper.psm1|DSCResources\MSFT_x005F_xArchive\MSFT_x005F_xArchive.psm1|DSCResources\MSFT_x005F_xArchive\MSFT_x005F_xArchive.schema.mof|DSCResources\MSFT_x005F_xArchive\en-US\MSFT_x005F_xArchive.schema.mfl|DSCResources\MSFT_x005F_xArchive\en-US\MSFT_x005F_xArchive.strings.psd1|DSCResources\MSFT_x005F_xDSCWebService\MSFT_x005F_xDSCWebService.psm1|DSCResources\MSFT_x005F_xDSCWebService\MSFT_x005F_xDSCWebService.schema.mof|DSCResources\MSFT_x005F_xDSCWebService\PSWSIISEndpoint.psm1|DSCResources\MSFT_x005F_xDSCWebService\SecureTLSProtocols.psm1|DSCResources\MSFT_x005F_xDSCWebService\UseSecurityBestPractices.psm1|DSCResources\MSFT_x005F_xDSCWebService\en-US\MSFT_x005F_xDSCWebService.psd1|DSCResources\MSFT_x005F_xEnvironmentResource\MSFT_x005F_xEnvironmentResource.psm1|DSCResources\MSFT_x005F_xEnvironmentResource\MSFT_x005F_xEnvironmentResource.schema.mof|DSCResources\MSFT_x005F_xEnvironmentResource\en-US\MSFT_x005F_xEnvironmentResource.schema.mfl|DSCResources\MSFT_x005F_xEnvironmentResource\en-US\MSFT_x005F_xEnvironmentResource.strings.psd1|DSCResources\MSFT_x005F_xGroupResource\MSFT_x005F_xGroupResource.psm1|DSCResources\MSFT_x005F_xGroupResource\MSFT_x005F_xGroupResource.schema.mof|DSCResources\MSFT_x005F_xGroupResource\en-US\MSFT_x005F_xGroupResource.schema.mfl|DSCResources\MSFT_x005F_xGroupResource\en-US\MSFT_x005F_xGroupResource.strings.psd1|DSCResources\MSFT_x005F_xMsiPackage\MSFT_x005F_xMsiPackage.psm1|DSCResources\MSFT_x005F_xMsiPackage\MSFT_x005F_xMsiPackage.schema.mof|DSCResources\MSFT_x005F_xMsiPackage\en-US\MSFT_x005F_xMsiPackage.schema.mfl|DSCResources\MSFT_x005F_xMsiPackage\en-US\MSFT_x005F_xMsiPackage.strings.psd1|DSCResources\MSFT_x005F_xPackageResource\MSFT_x005F_xPackageResource.psm1|DSCResources\MSFT_x005F_xPackageResource\MSFT_x005F_xPackageResource.schema.mof|DSCResources\MSFT_x005F_xPackageResource\en-US\MSFT_x005F_xPackageResource.schema.mfl|DSCResources\MSFT_x005F_xPackageResource\en-US\MSFT_x005F_xPackageResource.strings.psd1|DSCResources\MSFT_x005F_xPSSessionConfiguration\MSFT_x005F_xPSSessionConfiguration.psm1|DSCResources\MSFT_x005F_xPSSessionConfiguration\MSFT_x005F_xPSSessionConfiguration.schema.mof|DSCResources\MSFT_x005F_xRegistryResource\MSFT_x005F_xRegistryResource.psm1|DSCResources\MSFT_x005F_xRegistryResource\MSFT_x005F_xRegistryResource.schema.mof|DSCResources\MSFT_x005F_xRegistryResource\en-US\MSFT_x005F_xRegistryResource.schema.mfl|DSCResources\MSFT_x005F_xRegistryResource\en-US\MSFT_x005F_xRegistryResource.strings.psd1|DSCResources\MSFT_x005F_xRemoteFile\MSFT_x005F_xRemoteFile.psm1|DSCResources\MSFT_x005F_xRemoteFile\MSFT_x005F_xRemoteFile.schema.mof|DSCResources\MSFT_x005F_xRemoteFile\en-us\MSFT_x005F_xRemoteFile.psd1|DSCResources\MSFT_x005F_xScriptResource\MSFT_x005F_xScriptResource.psm1|DSCResources\MSFT_x005F_xScriptResource\MSFT_x005F_xScriptResource.schema.mof|DSCResources\MSFT_x005F_xScriptResource\en-US\MSFT_x005F_xScriptResource.schema.mfl|DSCResources\MSFT_x005F_xScriptResource\en-US\MSFT_x005F_xScriptResource.strings.psd1|DSCResources\MSFT_x005F_xServiceResource\MSFT_x005F_xServiceResource.psm1|DSCResources\MSFT_x005F_xServiceResource\MSFT_x005F_xServiceResource.schema.mof|DSCResources\MSFT_x005F_xServiceResource\en-US\MSFT_x005F_xServiceResource.schema.mfl|DSCResources\MSFT_x005F_xServiceResource\en-US\MSFT_x005F_xServiceResource.strings.psd1|DSCResources\MSFT_x005F_xUserResource\MSFT_x005F_xUserResource.psm1|DSCResources\MSFT_x005F_xUserResource\MSFT_x005F_xUserResource.schema.mof|DSCResources\MSFT_x005F_xUserResource\en-US\MSFT_x005F_xUserResource.schema.mfl|DSCResources\MSFT_x005F_xUserResource\en-US\MSFT_x005F_xUserResource.strings.psd1|DSCResources\MSFT_x005F_xWindowsFeature\MSFT_x005F_xWindowsFeature.psm1|DSCResources\MSFT_x005F_xWindowsFeature\MSFT_x005F_xWindowsFeature.schema.mof|DSCResources\MSFT_x005F_xWindowsFeature\en-US\MSFT_x005F_xWindowsFeature.schema.mfl|DSCResources\MSFT_x005F_xWindowsFeature\en-US\MSFT_x005F_xWindowsFeature.strings.psd1|DSCResources\MSFT_x005F_xWindowsOptionalFeature\MSFT_x005F_xWindowsOptionalFeature.psm1|DSCResources\MSFT_x005F_xWindowsOptionalFeature\MSFT_x005F_xWindowsOptionalFeature.schema.mof|DSCResources\MSFT_x005F_xWindowsOptionalFeature\en-US\MSFT_x005F_xWindowsOptionalFeature.schema.mfl|DSCResources\MSFT_x005F_xWindowsOptionalFeature\en-US\MSFT_x005F_xWindowsOptionalFeature.strings.psd1|DSCResources\MSFT_x005F_xWindowsPackageCab\MSFT_x005F_xWindowsPackageCab.psm1|DSCResources\MSFT_x005F_xWindowsPackageCab\MSFT_x005F_xWindowsPackageCab.schema.mof|DSCResources\MSFT_x005F_xWindowsPackageCab\en-US\MSFT_x005F_xWindowsPackageCab.schema.mfl|DSCResources\MSFT_x005F_xWindowsPackageCab\en-US\MSFT_x005F_xWindowsPackageCab.strings.psd1|DSCResources\MSFT_x005F_xWindowsProcess\MSFT_x005F_xWindowsProcess.psm1|DSCResources\MSFT_x005F_xWindowsProcess\MSFT_x005F_xWindowsProcess.schema.mof|DSCResources\MSFT_x005F_xWindowsProcess\en-US\MSFT_x005F_xWindowsProcess.schema.mfl|DSCResources\MSFT_x005F_xWindowsProcess\en-US\MSFT_x005F_xWindowsProcess.strings.psd1|DSCResources\xFileUpload\xFileUpload.psd1|DSCResources\xFileUpload\xFileUpload.schema.psm1|DSCResources\xGroupSet\xGroupSet.psd1|DSCResources\xGroupSet\xGroupSet.schema.psm1|DSCResources\xProcessSet\xProcessSet.psd1|DSCResources\xProcessSet\xProcessSet.schema.psm1|DSCResources\xServiceSet\xServiceSet.psd1|DSCResources\xServiceSet\xServiceSet.schema.psm1|DSCResources\xWindowsFeatureSet\xWindowsFeatureSet.psd1|DSCResources\xWindowsFeatureSet\xWindowsFeatureSet.schema.psm1|DSCResources\xWindowsOptionalFeatureSet\xWindowsOptionalFeatureSet.psd1|DSCResources\xWindowsOptionalFeatureSet\xWindowsOptionalFeatureSet.schema.psm1|Examples\Sample_x005F_xDscWebServiceRegistration.ps1|Examples\Sample_x005F_xDscWebServiceRegistrationWithSecurityBestPractices.ps1|Examples\Sample_x005F_xDscWebServiceRegistration_UseSQLProvider.ps1|Examples\Sample_x005F_xDscWebServiceRegistration_Win2k12and2k12R2.ps1|Examples\Sample_x005F_xDscWebServiceRemoval.ps1|Examples\xArchive_ExpandArchiveChecksumAndForceConfig.ps1|Examples\xArchive_ExpandArchiveDefaultValidationAndForceConfig.ps1|Examples\xArchive_ExpandArchiveNoValidationConfig.ps1|Examples\xArchive_ExpandArchiveNoValidationCredentialConfig.ps1|Examples\xArchive_RemoveArchiveChecksumConfig.ps1|Examples\xArchive_RemoveArchiveNoValidationConfig.ps1|Examples\xEnvironment_AddMultiplePathsConfig.ps1|Examples\xEnvironment_CreateNonPathVariableConfig.ps1|Examples\xEnvironment_RemoveMultiplePathsConfig.ps1|Examples\xEnvironment_RemoveVariableConfig.ps1|Examples\xFileUpload_UploadToSMBShareConfig.ps1|Examples\xGroupSet_AddMembersConfig.ps1|Examples\xGroup_RemoveMembersConfig.ps1|Examples\xGroup_SetMembersConfig.ps1|Examples\xMsiPackage_InstallPackageConfig.ps1|Examples\xMsiPackage_UninstallPackageFromFileConfig.ps1|Examples\xMsiPackage_UninstallPackageFromHttpsConfig.ps1|Examples\xPackage_InstallExeUsingCredentialsAndRegistryConfig.ps1|Examples\xPackage_InstallExeUsingCredentialsConfig.ps1|Examples\xPackage_InstallMsiConfig.ps1|Examples\xPackage_InstallMsiUsingProductIdConfig.ps1|Examples\xProcessSet_StartProcessConfig.ps1|Examples\xProcessSet_StopProcessConfig.ps1|Examples\xPSEndpoint_NewConfig.ps1|Examples\xPSEndpoint_NewCustomConfig.ps1|Examples\xPSEndpoint_NewWithDefaultsConfig.ps1|Examples\xPSEndpoint_RemoveConfig.ps1|Examples\xRegistryResource_AddKeyConfig.ps1|Examples\xRegistryResource_AddOrModifyValueConfig.ps1|Examples\xRegistryResource_RemoveKeyConfig.ps1|Examples\xRegistryResource_RemoveValueConfig.ps1|Examples\xRemoteFile_DownloadFileConfig.ps1|Examples\xRemoteFile_DownloadFileUsingProxyConfig.ps1|Examples\xScript_WatchFileContentConfig.ps1|Examples\xServiceSet_EnsureBuiltInAccountConfig.ps1|Examples\xServiceSet_StartServicesConfig.ps1|Examples\xService_ChangeServiceStateConfig.ps1|Examples\xService_CreateServiceConfig.ps1|Examples\xService_RemoveServiceConfig.ps1|Examples\xService_UpdateStartupTypeIgnoreStateConfig.ps1|Examples\xUser_CreateUserConfig.ps1|Examples\xUser_CreateUserDetailedConfig.ps1|Examples\xUser_RemoveUserConfig.ps1|Examples\xWindowsFeatureSet_AddFeaturesConfig.ps1|Examples\xWindowsFeatureSet_RemoveFeaturesConfig.ps1|Examples\xWindowsFeature_AddFeatureConfig.ps1|Examples\xWindowsFeature_AddFeatureUsingCredentialConfig.ps1|Examples\xWindowsFeature_AddFeatureWithLogPathConfig.ps1|Examples\xWindowsFeature_RemoveFeatureConfig.ps1|Examples\xWindowsOptionalFeatureSet_DisableConfig.ps1|Examples\xWindowsOptionalFeatureSet_EnableConfig.ps1|Examples\xWindowsOptionalFeature_DisableConfig.ps1|Examples\xWindowsOptionalFeature_EnableConfig.ps1|Examples\xWindowsPackageCab_InstallPackageConfig.ps1|Examples\xWindowsProcess_StartProcessConfig.ps1|Examples\xWindowsProcess_StartProcessUnderUserConfig.ps1|Examples\xWindowsProcess_StopProcessConfig.ps1|Examples\xWindowsProcess_StopProcessUnderUserConfig.ps1|ResourceDesignerScripts\GenerateXRemoteFileSchema.ps1|ResourceDesignerScripts\New-PSSessionConfigurationResource.ps1|Tests\CommonTestHelper.psm1|Tests\DSCTestService.cs|Tests\DSCTestServiceNew.cs|Tests\MSFT_x005F_xGroupResource.TestHelper.psm1|Tests\MSFT_x005F_xPackageResource.TestHelper.psm1|Tests\MSFT_x005F_xRegistryResource.TestHelper.psm1|Tests\MSFT_x005F_xServiceResource.TestHelper.psm1|Tests\MSFT_x005F_xWindowsProcess.TestHelper.psm1|Tests\WindowsProcessTestProcess.cs|Tests\WindowsProcessTestProcess.exe|Tests\WindowsProcessTestProcessSet.exe|Tests\Integration\MSFT_x005F_xArchive.EndToEnd.Tests.ps1|Tests\Integration\MSFT_x005F_xArchive.Integration.Tests.ps1|Tests\Integration\MSFT_x005F_xArchive.TestHelper.psm1|Tests\Integration\MSFT_x005F_xArchive_CredentialOnly.config.ps1|Tests\Integration\MSFT_x005F_xArchive_ValidateAndChecksum.config.ps1|Tests\Integration\MSFT_x005F_xArchive_ValidateOnly.config.ps1|Tests\Integration\MSFT_x005F_xDSCWebService.xxx.ps1|Tests\Integration\MSFT_x005F_xEnvironmentResource.config.ps1|Tests\Integration\MSFT_x005F_xEnvironmentResource.EndToEnd.Tests.ps1|Tests\Integration\MSFT_x005F_xEnvironmentResource.Integration.Tests.ps1|Tests\Integration\MSFT_x005F_xGroupResource.Integration.Tests.ps1|Tests\Integration\MSFT_x005F_xGroupResource_Members.config.ps1|Tests\Integration\MSFT_x005F_xGroupResource_MembersToIncludeExclude.config.ps1|Tests\Integration\MSFT_x005F_xGroupResource_NoMembers.config.ps1|Tests\Integration\MSFT_x005F_xMsiPackage.EndToEnd.Tests.ps1|Tests\Integration\MSFT_x005F_xMsiPackage.Integration.Tests.ps1|Tests\Integration\MSFT_x005F_xMsiPackage_LogPath.ps1|Tests\Integration\MSFT_x005F_xMsiPackage_NoOptionalParameters.ps1|Tests\Integration\MSFT_x005F_xPackageResource.Integration.Tests.ps1|Tests\Integration\MSFT_x005F_xRegistryResource.EndToEnd.Tests.ps1|Tests\Integration\MSFT_x005F_xRegistryResource.Integration.Tests.ps1|Tests\Integration\MSFT_x005F_xRegistryResource_KeyAndNameOnly.config.ps1|Tests\Integration\MSFT_x005F_xRegistryResource_WithDataAndType.config.ps1|Tests\Integration\MSFT_x005F_xRemoteFile.config.ps1|Tests\Integration\MSFT_x005F_xRemoteFile.Tests.ps1|Tests\Integration\MSFT_x005F_xScriptResource.Integration.Tests.ps1|Tests\Integration\MSFT_x005F_xScriptResource_NoCredential.config.ps1|Tests\Integration\MSFT_x005F_xScriptResource_WithCredential.config.ps1|Tests\Integration\MSFT_x005F_xServiceResource.Integration.Tests.ps1|Tests\Integration\MSFT_x005F_xServiceResource_AllExceptCredential.config.ps1|Tests\Integration\MSFT_x005F_xServiceResource_CredentialOnly.config.ps1|Tests\Integration\MSFT_x005F_xUserResource.config.ps1|Tests\Integration\MSFT_x005F_xUserResource.Integration.Tests.ps1|Tests\Integration\MSFT_x005F_xWindowsFeature.config.ps1|Tests\Integration\MSFT_x005F_xWindowsFeature.Integration.Tests.ps1|Tests\Integration\MSFT_x005F_xWindowsOptionalFeature.config.ps1|Tests\Integration\MSFT_x005F_xWindowsOptionalFeature.Integration.Tests.ps1|Tests\Integration\MSFT_x005F_xWindowsPackageCab.config.ps1|Tests\Integration\MSFT_x005F_xWindowsPackageCab.Integration.Tests.ps1|Tests\Integration\MSFT_x005F_xWindowsProcess.config.ps1|Tests\Integration\MSFT_x005F_xWindowsProcess.Integration.Tests.ps1|Tests\Integration\MSFT_x005F_xWindowsProcessWithCredential.config.ps1|Tests\Integration\xGroupSet.config.ps1|Tests\Integration\xGroupSet.Integration.Tests.ps1|Tests\Integration\xProcessSet.config.ps1|Tests\Integration\xProcessSet.Integration.Tests.ps1|Tests\Integration\xServiceSet.Integration.Tests.ps1|Tests\Integration\xServiceSet_AllExceptBuiltInAccount.config.ps1|Tests\Integration\xServiceSet_BuiltInAccountOnly.config.ps1|Tests\Integration\xWindowsFeatureSet.config.ps1|Tests\Integration\xWindowsFeatureSet.Integration.Tests.ps1|Tests\Integration\xWindowsOptionalFeatureSet.config.ps1|Tests\Integration\xWindowsOptionalFeatureSet.Integration.Tests.ps1|Tests\Unit\CommonResourceHelper.Tests.ps1|Tests\Unit\MSFT_x005F_xArchive.Tests.ps1|Tests\Unit\MSFT_x005F_xDSCWebService.Tests.ps1|Tests\Unit\MSFT_x005F_xEnvironmentResource.Tests.ps1|Tests\Unit\MSFT_x005F_xGroupResource.Tests.ps1|Tests\Unit\MSFT_x005F_xMsiPackage.Tests.ps1|Tests\Unit\MSFT_x005F_xPackageResource.Tests.ps1|Tests\Unit\MSFT_x005F_xRegistryResource.Tests.ps1|Tests\Unit\MSFT_x005F_xRemoteFile.Tests.ps1|Tests\Unit\MSFT_x005F_xScriptResource.Tests.ps1|Tests\Unit\MSFT_x005F_xServiceResource.Tests.ps1|Tests\Unit\MSFT_x005F_xUserResource.TestHelper.psm1|Tests\Unit\MSFT_x005F_xUserResource.Tests.ps1|Tests\Unit\MSFT_x005F_xWindowsFeature.Tests.ps1|Tests\Unit\MSFT_x005F_xWindowsOptionalFeature.Tests.ps1|Tests\Unit\MSFT_x005F_xWindowsPackageCab.Tests.ps1|Tests\Unit\MSFT_x005F_xWindowsProcess.Tests.ps1|Tests\Unit\ResourceSetHelper.Tests.ps1</S>
          <S N="GUID">cc8dc021-fa5f-4f96-8ecf-dfd68a6d9d48</S>
          <S N="PowerShellVersion">4.0</S>
          <S N="CLRVersion">4.0</S>
          <S N="CompanyName">Microsoft Corporation</S>
        </MS>
      </Obj>
      <S N="InstalledLocation">C:\Program Files\PowerShell\Modules\xPSDesiredStateConfiguration\8.4.0.0</S>
    </MS>
  </Obj>
</Objs>
