<Objs Version="1.1.0.1" xmlns="http://schemas.microsoft.com/powershell/2004/04">
  <Obj RefId="0">
    <TN RefId="0">
      <T>Microsoft.PowerShell.Commands.PSRepositoryItemInfo</T>
      <T>System.Management.Automation.PSCustomObject</T>
      <T>System.Object</T>
    </TN>
    <MS>
      <S N="Name">StorageDsc</S>
      <Version N="Version">4.2.0.0</Version>
      <S N="Type">Module</S>
      <S N="Description">This module contains all resources related to the PowerShell Storage module, or pertaining to disk management.</S>
      <S N="Author">PowerShell DSC</S>
      <S N="CompanyName">PowerShellTeam</S>
      <S N="Copyright">2018</S>
      <DT N="PublishedDate">2018-10-25T17:25:50+03:00</DT>
      <Obj N="InstalledDate" RefId="1">
        <DT>2018-11-13T15:08:52.0283138+02:00</DT>
        <MS>
          <Obj N="DisplayHint" RefId="2">
            <TN RefId="1">
              <T>Microsoft.PowerShell.Commands.DisplayHintType</T>
              <T>System.Enum</T>
              <T>System.ValueType</T>
              <T>System.Object</T>
            </TN>
            <ToString>DateTime</ToString>
            <I32>2</I32>
          </Obj>
        </MS>
      </Obj>
      <Nil N="UpdatedDate" />
      <URI N="LicenseUri">https://github.com/PowerShell/StorageDsc/blob/master/LICENSE</URI>
      <URI N="ProjectUri">https://github.com/PowerShell/StorageDsc</URI>
      <Nil N="IconUri" />
      <Obj N="Tags" RefId="3">
        <TN RefId="2">
          <T>System.Object[]</T>
          <T>System.Array</T>
          <T>System.Object</T>
        </TN>
        <LST>
          <S>DesiredStateConfiguration</S>
          <S>DSC</S>
          <S>DSCResourceKit</S>
          <S>DSCResource</S>
          <S>PSModule</S>
        </LST>
      </Obj>
      <Obj N="Includes" RefId="4">
        <TN RefId="3">
          <T>System.Collections.Hashtable</T>
          <T>System.Object</T>
        </TN>
        <DCT>
          <En>
            <S N="Key">Cmdlet</S>
            <Obj N="Value" RefId="5">
              <TNRef RefId="2" />
              <LST />
            </Obj>
          </En>
          <En>
            <S N="Key">Workflow</S>
            <Ref N="Value" RefId="5" />
          </En>
          <En>
            <S N="Key">DscResource</S>
            <Obj N="Value" RefId="6">
              <TNRef RefId="2" />
              <LST>
                <S>Disk</S>
                <S>DiskAccessPath</S>
                <S>MountImage</S>
                <S>OpticalDiskDriveLetter</S>
                <S>WaitForDisk</S>
                <S>WaitForVolume</S>
              </LST>
            </Obj>
          </En>
          <En>
            <S N="Key">Function</S>
            <Ref N="Value" RefId="5" />
          </En>
          <En>
            <S N="Key">RoleCapability</S>
            <Ref N="Value" RefId="5" />
          </En>
          <En>
            <S N="Key">Command</S>
            <Ref N="Value" RefId="5" />
          </En>
        </DCT>
      </Obj>
      <Nil N="PowerShellGetFormatVersion" />
      <S N="ReleaseNotes">- Disk:_x000D__x000A_  - Added `PartitionStyle` parameter - Fixes [Issue 137](https://github.com/PowerShell/StorageDsc/issues/37)._x000D__x000A_  - Changed MOF name from `MSFT_Disk` to `MSFTDSC_Disk` to remove conflict_x000D__x000A_    with Windows built-in CIM class - Fixes [Issue 167](https://github.com/PowerShell/StorageDsc/issues/167)._x000D__x000A_- Opt-in to Common Tests:_x000D__x000A_  - Common Tests - Validate Example Files To Be Published_x000D__x000A_  - Common Tests - Validate Markdown Links_x000D__x000A_  - Common Tests - Relative Path Length_x000D__x000A_- Added .VSCode settings for applying DSC PSSA rules - fixes [Issue 168](https://github.com/PowerShell/StorageDsc/issues/168)._x000D__x000A_- Disk:_x000D__x000A_  - Added "defragsvc" service conflict known issue to README.MD - fixes_x000D__x000A_    [Issue 172](https://github.com/PowerShell/StorageDsc/issues/172)._x000D__x000A_- Corrected style violations in StorageDsc.Common module - fixes [Issue 153](https://github.com/PowerShell/StorageDsc/issues/153)._x000D__x000A_- Corrected style violations in StorageDsc.ResourceHelper module.</S>
      <Obj N="Dependencies" RefId="7">
        <TNRef RefId="2" />
        <LST />
      </Obj>
      <S N="RepositorySourceLocation">https://www.powershellgallery.com/api/v2/</S>
      <S N="Repository">PSGallery</S>
      <S N="PackageManagementProvider">NuGet</S>
      <Obj N="AdditionalMetadata" RefId="8">
        <TN RefId="4">
          <T>System.Management.Automation.PSCustomObject</T>
          <T>System.Object</T>
        </TN>
        <MS>
          <S N="copyright">2018</S>
          <S N="description">This module contains all resources related to the PowerShell Storage module, or pertaining to disk management.</S>
          <S N="requireLicenseAcceptance">False</S>
          <S N="releaseNotes">- Disk:_x000D__x000A_  - Added `PartitionStyle` parameter - Fixes [Issue 137](https://github.com/PowerShell/StorageDsc/issues/37)._x000D__x000A_  - Changed MOF name from `MSFT_Disk` to `MSFTDSC_Disk` to remove conflict_x000D__x000A_    with Windows built-in CIM class - Fixes [Issue 167](https://github.com/PowerShell/StorageDsc/issues/167)._x000D__x000A_- Opt-in to Common Tests:_x000D__x000A_  - Common Tests - Validate Example Files To Be Published_x000D__x000A_  - Common Tests - Validate Markdown Links_x000D__x000A_  - Common Tests - Relative Path Length_x000D__x000A_- Added .VSCode settings for applying DSC PSSA rules - fixes [Issue 168](https://github.com/PowerShell/StorageDsc/issues/168)._x000D__x000A_- Disk:_x000D__x000A_  - Added "defragsvc" service conflict known issue to README.MD - fixes_x000D__x000A_    [Issue 172](https://github.com/PowerShell/StorageDsc/issues/172)._x000D__x000A_- Corrected style violations in StorageDsc.Common module - fixes [Issue 153](https://github.com/PowerShell/StorageDsc/issues/153)._x000D__x000A_- Corrected style violations in StorageDsc.ResourceHelper module.</S>
          <S N="isLatestVersion">True</S>
          <S N="isAbsoluteLatestVersion">True</S>
          <S N="versionDownloadCount">2121</S>
          <S N="downloadCount">30907</S>
          <S N="packageSize">47415</S>
          <S N="published">25/10/2018 17:25:50 +03:00</S>
          <S N="created">25/10/2018 17:25:50 +03:00</S>
          <S N="lastUpdated">13/11/2018 12:40:56 +02:00</S>
          <S N="tags">DesiredStateConfiguration DSC DSCResourceKit DSCResource PSModule PSDscResource_Disk PSDscResource_DiskAccessPath PSDscResource_MountImage PSDscResource_OpticalDiskDriveLetter PSDscResource_WaitForDisk PSDscResource_WaitForVolume PSIncludes_DscResource</S>
          <S N="developmentDependency">False</S>
          <S N="updated">2018-11-13T12:40:56Z</S>
          <S N="NormalizedVersion">4.2.0</S>
          <S N="Authors">PowerShell DSC</S>
          <S N="IsPrerelease">false</S>
          <S N="ItemType">Module</S>
          <S N="FileList">StorageDsc.nuspec|StorageDsc.psd1|DSCResources\MSFTDSC_Disk\MSFTDSC_Disk.psm1|DSCResources\MSFTDSC_Disk\MSFTDSC_Disk.schema.mof|DSCResources\MSFTDSC_Disk\README.md|DSCResources\MSFTDSC_Disk\en-us\MSFTDSC_Disk.strings.psd1|DSCResources\MSFT_DiskAccessPath\MSFT_DiskAccessPath.psm1|DSCResources\MSFT_DiskAccessPath\MSFT_DiskAccessPath.schema.mof|DSCResources\MSFT_DiskAccessPath\README.md|DSCResources\MSFT_DiskAccessPath\en-us\MSFT_DiskAccessPath.strings.psd1|DSCResources\MSFT_MountImage\MSFT_MountImage.psm1|DSCResources\MSFT_MountImage\MSFT_MountImage.schema.mof|DSCResources\MSFT_MountImage\README.md|DSCResources\MSFT_MountImage\en-us\MSFT_MountImage.strings.psd1|DSCResources\MSFT_OpticalDiskDriveLetter\MSFT_OpticalDiskDriveLetter.psm1|DSCResources\MSFT_OpticalDiskDriveLetter\MSFT_OpticalDiskDriveLetter.schema.mof|DSCResources\MSFT_OpticalDiskDriveLetter\README.md|DSCResources\MSFT_OpticalDiskDriveLetter\en-us\MSFT_OpticalDiskDriveLetter.strings.psd1|DSCResources\MSFT_WaitForDisk\MSFT_WaitForDisk.psm1|DSCResources\MSFT_WaitForDisk\MSFT_WaitForDisk.schema.mof|DSCResources\MSFT_WaitForDisk\README.md|DSCResources\MSFT_WaitForDisk\en-us\MSFT_WaitForDisk.strings.psd1|DSCResources\MSFT_WaitForVolume\MSFT_WaitForVolume.psm1|DSCResources\MSFT_WaitForVolume\MSFT_WaitForVolume.schema.mof|DSCResources\MSFT_WaitForVolume\README.md|DSCResources\MSFT_WaitForVolume\en-us\MSFT_WaitForVolume.strings.psd1|Examples\Resources\Disk\1-Disk_InitializeDataDisk.ps1|Examples\Resources\Disk\2-Disk_InitializeDataDiskUsingUniqueId.ps1|Examples\Resources\DiskAccessPath\1-DiskAccessPath_InitializeDataDiskWithAccessPath.ps1|Examples\Resources\DiskAccessPath\2-DiskAccessPath_InitializeDataDiskWithAccessPathUsingUniqueId.ps1|Examples\Resources\MountImage\1-MountImage_DismountISO.ps1|Examples\Resources\MountImage\2-MountImage_MountISO.ps1|Examples\Resources\MountImage\3-MountImage_MountVHD.ps1|Examples\Resources\OpticalDiskDriveLetter\1-OpticalDiskDriveLetter_SetDriveLetter.ps1|Examples\Resources\OpticalDiskDriveLetter\2-OpticalDiskDriveLetter_RemoveDriveLetter.ps1|Examples\Resources\OpticalDiskDriveLetter\3-OpticalDiskDriveLetter_SetDriveLetterMulti.ps1|Examples\Resources\WaitForDisk\1-WaitForDisk_InitializeDataDisk.ps1|Examples\Resources\WaitForDisk\2-WaitForDisk_InitializeDataDiskWithAccessPath.ps1|Examples\Resources\WaitForDisk\3-WaitForDisk_InitializeDataDiskWithAccessPath.ps1|Examples\Resources\WaitForDisk\4-WaitForDisk_InitializeDataDiskWithAccessPathUsingUniqueId.ps1|Examples\Resources\WaitForVolume\1-WaitForVolume_VHD.ps1|Examples\Resources\WaitForVolume\2-WaitForVolume_ISO.ps1|Modules\StorageDsc.Common\StorageDsc.Common.psm1|Modules\StorageDsc.Common\en-us\StorageDsc.Common.strings.psd1|Modules\StorageDsc.ResourceHelper\StorageDsc.ResourceHelper.psm1</S>
          <S N="GUID">00d73ca1-58b5-46b7-ac1a-5bfcf5814faf</S>
          <S N="PowerShellVersion">4.0</S>
          <S N="CompanyName">Microsoft Corporation</S>
        </MS>
      </Obj>
      <S N="InstalledLocation">C:\Program Files\PowerShell\Modules\StorageDsc\4.2.0.0</S>
    </MS>
  </Obj>
</Objs>
